No,ID,CID,Cation,AID,Anion,T(K),P(bar),Solubility,Method,Reference,IL_ID
1,C02011-A02001,C02011,C4MIm or BMIM,A02001,BF4,303.15,0.608,0.039,Isochoric Saturation Method,1,C02011-A02001
2,C02011-A02001,C02011,C4MIm or BMIM,A02001,BF4,303.15,1.24,0.081,Isochoric Saturation Method,1,C02011-A02001
3,C02011-A02001,C02011,C4MIm or BMIM,A02001,BF4,303.15,1.88,0.12,Isochoric Saturation Method,1,C02011-A02001
4,C02011-A02001,C02011,C4MIm or BMIM,A02001,BF4,303.15,2.93,0.163,Isochoric Saturation Method,1,C02011-A02001
5,C02011-A02001,C02011,C4MIm or BMIM,A02001,BF4,303.15,3.28,0.183,Isochoric Saturation Method,1,C02011-A02001
6,C02011-A02001,C02011,C4MIm or BMIM,A02001,BF4,303.15,4.11,0.228,Isochoric Saturation Method,1,C02011-A02001
7,C02011-A02001,C02011,C4MIm or BMIM,A02001,BF4,303.15,5.24,0.27,Isochoric Saturation Method,1,C02011-A02001
8,C02011-A02001,C02011,C4MIm or BMIM,A02001,BF4,303.15,6.24,0.31,Isochoric Saturation Method,1,C02011-A02001
9,C02011-A02001,C02011,C4MIm or BMIM,A02001,BF4,303.15,7.36,0.354,Isochoric Saturation Method,1,C02011-A02001
10,C02011-A02001,C02011,C4MIm or BMIM,A02001,BF4,313.15,0.718,0.038,Isochoric Saturation Method,1,C02011-A02001
11,C02011-A02001,C02011,C4MIm or BMIM,A02001,BF4,313.15,1.46,0.076,Isochoric Saturation Method,1,C02011-A02001
12,C02011-A02001,C02011,C4MIm or BMIM,A02001,BF4,313.15,2.21,0.111,Isochoric Saturation Method,1,C02011-A02001
13,C02011-A02001,C02011,C4MIm or BMIM,A02001,BF4,313.15,3.46,0.166,Isochoric Saturation Method,1,C02011-A02001
14,C02011-A02001,C02011,C4MIm or BMIM,A02001,BF4,313.15,3.87,0.18,Isochoric Saturation Method,1,C02011-A02001
15,C02011-A02001,C02011,C4MIm or BMIM,A02001,BF4,313.15,4.85,0.22,Isochoric Saturation Method,1,C02011-A02001
16,C02011-A02001,C02011,C4MIm or BMIM,A02001,BF4,313.15,5.68,0.25,Isochoric Saturation Method,1,C02011-A02001
17,C02011-A02001,C02011,C4MIm or BMIM,A02001,BF4,313.15,6.44,0.28,Isochoric Saturation Method,1,C02011-A02001
18,C02011-A02001,C02011,C4MIm or BMIM,A02001,BF4,313.15,7.57,0.32,Isochoric Saturation Method,1,C02011-A02001
19,C02011-A02001,C02011,C4MIm or BMIM,A02001,BF4,323.15,0.838,0.035,Isochoric Saturation Method,1,C02011-A02001
20,C02011-A02001,C02011,C4MIm or BMIM,A02001,BF4,323.15,1.7,0.074,Isochoric Saturation Method,1,C02011-A02001
21,C02011-A02001,C02011,C4MIm or BMIM,A02001,BF4,323.15,2.57,0.11,Isochoric Saturation Method,1,C02011-A02001
22,C02011-A02001,C02011,C4MIm or BMIM,A02001,BF4,323.15,4.01,0.168,Isochoric Saturation Method,1,C02011-A02001
23,C02011-A02001,C02011,C4MIm or BMIM,A02001,BF4,323.15,4.5,0.187,Isochoric Saturation Method,1,C02011-A02001
24,C02011-A02001,C02011,C4MIm or BMIM,A02001,BF4,323.15,5.62,0.225,Isochoric Saturation Method,1,C02011-A02001
25,C02011-A02001,C02011,C4MIm or BMIM,A02001,BF4,323.15,6.13,0.24,Isochoric Saturation Method,1,C02011-A02001
26,C02011-A02001,C02011,C4MIm or BMIM,A02001,BF4,323.15,7.57,0.28,Isochoric Saturation Method,1,C02011-A02001
27,C02011-A02001,C02011,C4MIm or BMIM,A02001,BF4,323.15,8.13,0.303,Isochoric Saturation Method,1,C02011-A02001
28,C02011-A02001,C02011,C4MIm or BMIM,A02001,BF4,333.15,0.968,0.033,Isochoric Saturation Method,1,C02011-A02001
29,C02011-A02001,C02011,C4MIm or BMIM,A02001,BF4,333.15,1.95,0.07,Isochoric Saturation Method,1,C02011-A02001
30,C02011-A02001,C02011,C4MIm or BMIM,A02001,BF4,333.15,2.94,0.105,Isochoric Saturation Method,1,C02011-A02001
31,C02011-A02001,C02011,C4MIm or BMIM,A02001,BF4,333.15,4.59,0.15,Isochoric Saturation Method,1,C02011-A02001
32,C02011-A02001,C02011,C4MIm or BMIM,A02001,BF4,333.15,5.14,0.169,Isochoric Saturation Method,1,C02011-A02001
33,C02011-A02001,C02011,C4MIm or BMIM,A02001,BF4,333.15,6.39,0.201,Isochoric Saturation Method,1,C02011-A02001
34,C02011-A02001,C02011,C4MIm or BMIM,A02001,BF4,333.15,7.55,0.235,Isochoric Saturation Method,1,C02011-A02001
35,C02011-A02001,C02011,C4MIm or BMIM,A02001,BF4,333.15,8.36,0.269,Isochoric Saturation Method,1,C02011-A02001
36,C02011-A02001,C02011,C4MIm or BMIM,A02001,BF4,343.15,1.12,0.03,Isochoric Saturation Method,1,C02011-A02001
37,C02011-A02001,C02011,C4MIm or BMIM,A02001,BF4,343.15,2.22,0.066,Isochoric Saturation Method,1,C02011-A02001
38,C02011-A02001,C02011,C4MIm or BMIM,A02001,BF4,343.15,3.32,0.097,Isochoric Saturation Method,1,C02011-A02001
39,C02011-A02001,C02011,C4MIm or BMIM,A02001,BF4,343.15,5.18,0.149,Isochoric Saturation Method,1,C02011-A02001
40,C02011-A02001,C02011,C4MIm or BMIM,A02001,BF4,343.15,5.79,0.161,Isochoric Saturation Method,1,C02011-A02001
41,C02011-A02001,C02011,C4MIm or BMIM,A02001,BF4,343.15,7.18,0.203,Isochoric Saturation Method,1,C02011-A02001
42,C02011-A02001,C02011,C4MIm or BMIM,A02001,BF4,343.15,8.13,0.227,Isochoric Saturation Method,1,C02011-A02001
43,C02011-A04018,C02011,C4MIm or BMIM,A04018,EtSO4,303.15,1.137,0.02,Isochoric Saturation Method,2,C02011-A04018
44,C02011-A04018,C02011,C4MIm or BMIM,A04018,EtSO4,303.15,2.526,0.041,Isochoric Saturation Method,2,C02011-A04018
45,C02011-A04018,C02011,C4MIm or BMIM,A04018,EtSO4,303.15,4.041,0.058,Isochoric Saturation Method,2,C02011-A04018
46,C02011-A04018,C02011,C4MIm or BMIM,A04018,EtSO4,303.15,5.992,0.083,Isochoric Saturation Method,2,C02011-A04018
47,C02011-A04018,C02011,C4MIm or BMIM,A04018,EtSO4,303.15,7.698,0.101,Isochoric Saturation Method,2,C02011-A04018
48,C02011-A04018,C02011,C4MIm or BMIM,A04018,EtSO4,303.15,9.505,0.118,Isochoric Saturation Method,2,C02011-A04018
49,C02011-A04018,C02011,C4MIm or BMIM,A04018,EtSO4,313.15,1.215,0.018,Isochoric Saturation Method,2,C02011-A04018
50,C02011-A04018,C02011,C4MIm or BMIM,A04018,EtSO4,313.15,2.694,0.037,Isochoric Saturation Method,2,C02011-A04018
51,C02011-A04018,C02011,C4MIm or BMIM,A04018,EtSO4,313.15,4.29,0.052,Isochoric Saturation Method,2,C02011-A04018
52,C02011-A04018,C02011,C4MIm or BMIM,A04018,EtSO4,313.15,6.368,0.075,Isochoric Saturation Method,2,C02011-A04018
53,C02011-A04018,C02011,C4MIm or BMIM,A04018,EtSO4,313.15,8.202,0.091,Isochoric Saturation Method,2,C02011-A04018
54,C02011-A04018,C02011,C4MIm or BMIM,A04018,EtSO4,313.15,10.126,0.107,Isochoric Saturation Method,2,C02011-A04018
55,C02011-A04018,C02011,C4MIm or BMIM,A04018,EtSO4,323.15,1.29,0.016,Isochoric Saturation Method,2,C02011-A04018
56,C02011-A04018,C02011,C4MIm or BMIM,A04018,EtSO4,323.15,2.847,0.034,Isochoric Saturation Method,2,C02011-A04018
57,C02011-A04018,C02011,C4MIm or BMIM,A04018,EtSO4,323.15,4.53,0.047,Isochoric Saturation Method,2,C02011-A04018
58,C02011-A04018,C02011,C4MIm or BMIM,A04018,EtSO4,323.15,6.727,0.068,Isochoric Saturation Method,2,C02011-A04018
59,C02011-A04018,C02011,C4MIm or BMIM,A04018,EtSO4,323.15,9.932,0.092,Isochoric Saturation Method,2,C02011-A04018
60,C02011-A04018,C02011,C4MIm or BMIM,A04018,EtSO4,323.15,11.122,0.1,Isochoric Saturation Method,2,C02011-A04018
61,C02011-A04018,C02011,C4MIm or BMIM,A04018,EtSO4,333.15,1.363,0.014,Isochoric Saturation Method,2,C02011-A04018
62,C02011-A04018,C02011,C4MIm or BMIM,A04018,EtSO4,333.15,2.999,0.031,Isochoric Saturation Method,2,C02011-A04018
63,C02011-A04018,C02011,C4MIm or BMIM,A04018,EtSO4,333.15,4.763,0.043,Isochoric Saturation Method,2,C02011-A04018
64,C02011-A04018,C02011,C4MIm or BMIM,A04018,EtSO4,333.15,7.067,0.062,Isochoric Saturation Method,2,C02011-A04018
65,C02011-A04018,C02011,C4MIm or BMIM,A04018,EtSO4,333.15,9.156,0.077,Isochoric Saturation Method,2,C02011-A04018
66,C02011-A04018,C02011,C4MIm or BMIM,A04018,EtSO4,333.15,11.56,0.092,Isochoric Saturation Method,2,C02011-A04018
67,C02011-A04018,C02011,C4MIm or BMIM,A04018,EtSO4,343.15,1.431,0.013,Isochoric Saturation Method,2,C02011-A04018
68,C02011-A04018,C02011,C4MIm or BMIM,A04018,EtSO4,343.15,3.148,0.028,Isochoric Saturation Method,2,C02011-A04018
69,C02011-A04018,C02011,C4MIm or BMIM,A04018,EtSO4,343.15,4.981,0.039,Isochoric Saturation Method,2,C02011-A04018
70,C02011-A04018,C02011,C4MIm or BMIM,A04018,EtSO4,343.15,7.389,0.058,Isochoric Saturation Method,2,C02011-A04018
71,C02011-A04018,C02011,C4MIm or BMIM,A04018,EtSO4,343.15,9.745,0.072,Isochoric Saturation Method,2,C02011-A04018
72,C02011-A04018,C02011,C4MIm or BMIM,A04018,EtSO4,343.15,12.178,0.088,Isochoric Saturation Method,2,C02011-A04018
73,C02011-A04018,C02011,C4MIm or BMIM,A04018,EtSO4,353.15,1.499,0.012,Isochoric Saturation Method,2,C02011-A04018
74,C02011-A04018,C02011,C4MIm or BMIM,A04018,EtSO4,353.15,3.295,0.025,Isochoric Saturation Method,2,C02011-A04018
75,C02011-A04018,C02011,C4MIm or BMIM,A04018,EtSO4,353.15,5.195,0.037,Isochoric Saturation Method,2,C02011-A04018
76,C02011-A04018,C02011,C4MIm or BMIM,A04018,EtSO4,353.15,7.694,0.055,Isochoric Saturation Method,2,C02011-A04018
77,C02011-A04018,C02011,C4MIm or BMIM,A04018,EtSO4,353.15,10.116,0.07,Isochoric Saturation Method,2,C02011-A04018
78,C02011-A04018,C02011,C4MIm or BMIM,A04018,EtSO4,353.15,12.704,0.086,Isochoric Saturation Method,2,C02011-A04018
79,C02011-A04017,C02011,C4MIm or BMIM,A04017,MeSO4,298.1,0.108,0.022,Gravimetric Microbalance Method,3,C02011-A04017
80,C02011-A04017,C02011,C4MIm or BMIM,A04017,MeSO4,298.1,0.257,0.044,Gravimetric Microbalance Method,3,C02011-A04017
81,C02011-A04017,C02011,C4MIm or BMIM,A04017,MeSO4,298.1,0.507,0.077,Gravimetric Microbalance Method,3,C02011-A04017
82,C02011-A04017,C02011,C4MIm or BMIM,A04017,MeSO4,298.1,0.753,0.108,Gravimetric Microbalance Method,3,C02011-A04017
83,C02011-A04017,C02011,C4MIm or BMIM,A04017,MeSO4,298.1,1.002,0.138,Gravimetric Microbalance Method,3,C02011-A04017
84,C02011-A04017,C02011,C4MIm or BMIM,A04017,MeSO4,298.1,2.51,0.27,Gravimetric Microbalance Method,3,C02011-A04017
85,C02011-A04017,C02011,C4MIm or BMIM,A04017,MeSO4,298.1,5.008,0.424,Gravimetric Microbalance Method,3,C02011-A04017
86,C02011-A04017,C02011,C4MIm or BMIM,A04017,MeSO4,298.1,7.509,0.521,Gravimetric Microbalance Method,3,C02011-A04017
87,C02011-A05001,C02011,C4MIm or BMIM,A05001,PF6,298.15,21.2,0.875,Weight Method,4,C02011-A05001
88,C02011-A05001,C02011,C4MIm or BMIM,A05001,PF6,298.15,21.0,0.873,Weight Method,4,C02011-A05001
89,C02011-A05001,C02011,C4MIm or BMIM,A05001,PF6,298.15,20.0,0.84,Weight Method,4,C02011-A05001
90,C02011-A05001,C02011,C4MIm or BMIM,A05001,PF6,298.15,17.0,0.739,Weight Method,4,C02011-A05001
91,C02011-A05001,C02011,C4MIm or BMIM,A05001,PF6,298.15,11.0,0.54,Weight Method,4,C02011-A05001
92,C02011-A05001,C02011,C4MIm or BMIM,A05001,PF6,298.15,5.59,0.317,Weight Method,4,C02011-A05001
93,C02011-A05001,C02011,C4MIm or BMIM,A05001,PF6,298.15,2.76,0.175,Weight Method,4,C02011-A05001
94,C02011-A05001,C02011,C4MIm or BMIM,A05001,PF6,298.15,1.28,0.086,Weight Method,4,C02011-A05001
95,C02011-A05001,C02011,C4MIm or BMIM,A05001,PF6,298.15,1.15,0.077,Weight Method,4,C02011-A05001
96,C02011-A05001,C02011,C4MIm or BMIM,A05001,PF6,298.15,0.69,0.046,Weight Method,4,C02011-A05001
97,C02011-A05001,C02011,C4MIm or BMIM,A05001,PF6,313.15,28.9,0.853,Weight Method,4,C02011-A05001
98,C02011-A05001,C02011,C4MIm or BMIM,A05001,PF6,313.15,18.5,0.616,Weight Method,4,C02011-A05001
99,C02011-A05001,C02011,C4MIm or BMIM,A05001,PF6,313.15,10.2,0.401,Weight Method,4,C02011-A05001
100,C02011-A05001,C02011,C4MIm or BMIM,A05001,PF6,313.15,6.2,0.267,Weight Method,4,C02011-A05001
101,C02011-A05001,C02011,C4MIm or BMIM,A05001,PF6,313.15,3.35,0.153,Weight Method,4,C02011-A05001
102,C02011-A05001,C02011,C4MIm or BMIM,A05001,PF6,313.15,1.15,0.056,Weight Method,4,C02011-A05001
103,C02011-A05001,C02011,C4MIm or BMIM,A05001,PF6,343.15,54.0,0.792,Weight Method,4,C02011-A05001
104,C02011-A05001,C02011,C4MIm or BMIM,A05001,PF6,343.15,36.5,0.631,Weight Method,4,C02011-A05001
105,C02011-A05001,C02011,C4MIm or BMIM,A05001,PF6,343.15,23.8,0.482,Weight Method,4,C02011-A05001
106,C02011-A05001,C02011,C4MIm or BMIM,A05001,PF6,343.15,15.9,0.364,Weight Method,4,C02011-A05001
107,C02011-A05001,C02011,C4MIm or BMIM,A05001,PF6,343.15,8.0,0.21,Weight Method,4,C02011-A05001
109,C02011-A05001,C02011,C4MIm or BMIM,A05001,PF6,343.15,3.1,0.09,Weight Method,4,C02011-A05001
110,C02011-A05001,C02011,C4MIm or BMIM,A05001,PF6,343.15,1.2,0.035,Weight Method,4,C02011-A05001
111,C02011-A05001,C02011,C4MIm or BMIM,A05001,PF6,373.15,92.0,0.767,Weight Method,4,C02011-A05001
112,C02011-A05001,C02011,C4MIm or BMIM,A05001,PF6,373.15,75.0,0.709,Weight Method,4,C02011-A05001
113,C02011-A05001,C02011,C4MIm or BMIM,A05001,PF6,373.15,47.0,0.555,Weight Method,4,C02011-A05001
114,C02011-A05001,C02011,C4MIm or BMIM,A05001,PF6,373.15,24.9,0.357,Weight Method,4,C02011-A05001
115,C02011-A05001,C02011,C4MIm or BMIM,A05001,PF6,373.15,9.6,0.161,Weight Method,4,C02011-A05001
116,C02011-A05001,C02011,C4MIm or BMIM,A05001,PF6,373.15,3.32,0.059,Weight Method,4,C02011-A05001
117,C02011-A05001,C02011,C4MIm or BMIM,A05001,PF6,373.15,1.35,0.025,Weight Method,4,C02011-A05001
118,C02011-A05001,C02011,C4MIm or BMIM,A05001,PF6,403.15,96.3,0.643,Weight Method,4,C02011-A05001
119,C02011-A05001,C02011,C4MIm or BMIM,A05001,PF6,403.15,70.2,0.545,Weight Method,4,C02011-A05001
120,C02011-A05001,C02011,C4MIm or BMIM,A05001,PF6,403.15,42.1,0.401,Weight Method,4,C02011-A05001
121,C02011-A05001,C02011,C4MIm or BMIM,A05001,PF6,403.15,25.3,0.269,Weight Method,4,C02011-A05001
122,C02011-A05001,C02011,C4MIm or BMIM,A05001,PF6,403.15,11.5,0.135,Weight Method,4,C02011-A05001
123,C02011-A05001,C02011,C4MIm or BMIM,A05001,PF6,403.15,6.3,0.076,Weight Method,4,C02011-A05001
124,C02011-A05001,C02011,C4MIm or BMIM,A05001,PF6,403.15,2.62,0.032,Weight Method,4,C02011-A05001
125,C02011-A05001,C02011,C4MIm or BMIM,A05001,PF6,403.15,1.32,0.016,Weight Method,4,C02011-A05001
126,C02011-A05001,C02011,C4MIm or BMIM,A05001,PF6,303.15,1.65,0.075,Isochoric Saturation Method,1,C02011-A05001
127,C02011-A05001,C02011,C4MIm or BMIM,A05001,PF6,303.15,2.17,0.113,Isochoric Saturation Method,1,C02011-A05001
128,C02011-A05001,C02011,C4MIm or BMIM,A05001,PF6,303.15,2.77,0.148,Isochoric Saturation Method,1,C02011-A05001
129,C02011-A05001,C02011,C4MIm or BMIM,A05001,PF6,303.15,3.33,0.177,Isochoric Saturation Method,1,C02011-A05001
130,C02011-A05001,C02011,C4MIm or BMIM,A05001,PF6,303.15,3.93,0.206,Isochoric Saturation Method,1,C02011-A05001
131,C02011-A05001,C02011,C4MIm or BMIM,A05001,PF6,303.15,4.44,0.229,Isochoric Saturation Method,1,C02011-A05001
132,C02011-A05001,C02011,C4MIm or BMIM,A05001,PF6,303.15,5.15,0.26,Isochoric Saturation Method,1,C02011-A05001
133,C02011-A05001,C02011,C4MIm or BMIM,A05001,PF6,303.15,6.25,0.312,Isochoric Saturation Method,1,C02011-A05001
134,C02011-A05001,C02011,C4MIm or BMIM,A05001,PF6,303.15,7.37,0.358,Isochoric Saturation Method,1,C02011-A05001
135,C02011-A05001,C02011,C4MIm or BMIM,A05001,PF6,303.15,8.26,0.405,Isochoric Saturation Method,1,C02011-A05001
136,C02011-A05001,C02011,C4MIm or BMIM,A05001,PF6,313.15,1.71,0.075,Isochoric Saturation Method,1,C02011-A05001
137,C02011-A05001,C02011,C4MIm or BMIM,A05001,PF6,313.15,2.37,0.11,Isochoric Saturation Method,1,C02011-A05001
138,C02011-A05001,C02011,C4MIm or BMIM,A05001,PF6,313.15,3.13,0.142,Isochoric Saturation Method,1,C02011-A05001
139,C02011-A05001,C02011,C4MIm or BMIM,A05001,PF6,313.15,3.85,0.169,Isochoric Saturation Method,1,C02011-A05001
140,C02011-A05001,C02011,C4MIm or BMIM,A05001,PF6,313.15,4.53,0.197,Isochoric Saturation Method,1,C02011-A05001
141,C02011-A05001,C02011,C4MIm or BMIM,A05001,PF6,313.15,5.14,0.22,Isochoric Saturation Method,1,C02011-A05001
142,C02011-A05001,C02011,C4MIm or BMIM,A05001,PF6,313.15,5.8,0.242,Isochoric Saturation Method,1,C02011-A05001
143,C02011-A05001,C02011,C4MIm or BMIM,A05001,PF6,313.15,6.74,0.29,Isochoric Saturation Method,1,C02011-A05001
144,C02011-A05001,C02011,C4MIm or BMIM,A05001,PF6,313.15,7.93,0.334,Isochoric Saturation Method,1,C02011-A05001
145,C02011-A05001,C02011,C4MIm or BMIM,A05001,PF6,313.15,9.05,0.369,Isochoric Saturation Method,1,C02011-A05001
146,C02011-A05001,C02011,C4MIm or BMIM,A05001,PF6,323.15,1.23,0.047,Isochoric Saturation Method,1,C02011-A05001
147,C02011-A05001,C02011,C4MIm or BMIM,A05001,PF6,323.15,2.57,0.096,Isochoric Saturation Method,1,C02011-A05001
148,C02011-A05001,C02011,C4MIm or BMIM,A05001,PF6,323.15,3.8,0.139,Isochoric Saturation Method,1,C02011-A05001
149,C02011-A05001,C02011,C4MIm or BMIM,A05001,PF6,323.15,5.27,0.189,Isochoric Saturation Method,1,C02011-A05001
150,C02011-A05001,C02011,C4MIm or BMIM,A05001,PF6,323.15,6.5,0.229,Isochoric Saturation Method,1,C02011-A05001
151,C02011-A05001,C02011,C4MIm or BMIM,A05001,PF6,323.15,7.49,0.261,Isochoric Saturation Method,1,C02011-A05001
152,C02011-A05001,C02011,C4MIm or BMIM,A05001,PF6,323.15,8.93,0.299,Isochoric Saturation Method,1,C02011-A05001
153,C02011-A05001,C02011,C4MIm or BMIM,A05001,PF6,323.15,9.93,0.333,Isochoric Saturation Method,1,C02011-A05001
154,C02011-A05001,C02011,C4MIm or BMIM,A05001,PF6,333.15,1.37,0.044,Isochoric Saturation Method,1,C02011-A05001
155,C02011-A05001,C02011,C4MIm or BMIM,A05001,PF6,333.15,2.89,0.09,Isochoric Saturation Method,1,C02011-A05001
156,C02011-A05001,C02011,C4MIm or BMIM,A05001,PF6,333.15,4.24,0.13,Isochoric Saturation Method,1,C02011-A05001
157,C02011-A05001,C02011,C4MIm or BMIM,A05001,PF6,333.15,5.88,0.176,Isochoric Saturation Method,1,C02011-A05001
158,C02011-A05001,C02011,C4MIm or BMIM,A05001,PF6,333.15,7.26,0.213,Isochoric Saturation Method,1,C02011-A05001
159,C02011-A05001,C02011,C4MIm or BMIM,A05001,PF6,333.15,8.39,0.242,Isochoric Saturation Method,1,C02011-A05001
160,C02011-A05001,C02011,C4MIm or BMIM,A05001,PF6,333.15,10.11,0.285,Isochoric Saturation Method,1,C02011-A05001
161,C02011-A05001,C02011,C4MIm or BMIM,A05001,PF6,333.15,2.29,0.065,Isochoric Saturation Method,1,C02011-A05001
162,C02011-A05001,C02011,C4MIm or BMIM,A05001,PF6,333.15,3.38,0.093,Isochoric Saturation Method,1,C02011-A05001
163,C02011-A05001,C02011,C4MIm or BMIM,A05001,PF6,333.15,4.47,0.121,Isochoric Saturation Method,1,C02011-A05001
164,C02011-A05001,C02011,C4MIm or BMIM,A05001,PF6,333.15,5.45,0.146,Isochoric Saturation Method,1,C02011-A05001
165,C02011-A05001,C02011,C4MIm or BMIM,A05001,PF6,333.15,6.42,0.171,Isochoric Saturation Method,1,C02011-A05001
166,C02011-A05001,C02011,C4MIm or BMIM,A05001,PF6,333.15,7.27,0.192,Isochoric Saturation Method,1,C02011-A05001
167,C02011-A05001,C02011,C4MIm or BMIM,A05001,PF6,333.15,8.23,0.212,Isochoric Saturation Method,1,C02011-A05001
168,C02011-A03001,C02011,C4MIm or BMIM,A03001,TFSI or NTf2,303.15,0.944,0.07,Isochoric Saturation Method,1,C02011-A03001
169,C02011-A03001,C02011,C4MIm or BMIM,A03001,TFSI or NTf2,303.15,1.77,0.128,Isochoric Saturation Method,1,C02011-A03001
170,C02011-A03001,C02011,C4MIm or BMIM,A03001,TFSI or NTf2,303.15,2.46,0.174,Isochoric Saturation Method,1,C02011-A03001
171,C02011-A03001,C02011,C4MIm or BMIM,A03001,TFSI or NTf2,303.15,2.97,0.209,Isochoric Saturation Method,1,C02011-A03001
172,C02011-A03001,C02011,C4MIm or BMIM,A03001,TFSI or NTf2,303.15,3.5,0.241,Isochoric Saturation Method,1,C02011-A03001
173,C02011-A03001,C02011,C4MIm or BMIM,A03001,TFSI or NTf2,303.15,4.06,0.273,Isochoric Saturation Method,1,C02011-A03001
174,C02011-A03001,C02011,C4MIm or BMIM,A03001,TFSI or NTf2,303.15,4.78,0.307,Isochoric Saturation Method,1,C02011-A03001
175,C02011-A03001,C02011,C4MIm or BMIM,A03001,TFSI or NTf2,303.15,5.83,0.364,Isochoric Saturation Method,1,C02011-A03001
176,C02011-A03001,C02011,C4MIm or BMIM,A03001,TFSI or NTf2,303.15,7.15,0.444,Isochoric Saturation Method,1,C02011-A03001
177,C02011-A03001,C02011,C4MIm or BMIM,A03001,TFSI or NTf2,303.15,8.26,0.51,Isochoric Saturation Method,1,C02011-A03001
178,C02011-A03001,C02011,C4MIm or BMIM,A03001,TFSI or NTf2,313.15,1.07,0.065,Isochoric Saturation Method,1,C02011-A03001
179,C02011-A03001,C02011,C4MIm or BMIM,A03001,TFSI or NTf2,313.15,2.0,0.12,Isochoric Saturation Method,1,C02011-A03001
180,C02011-A03001,C02011,C4MIm or BMIM,A03001,TFSI or NTf2,313.15,2.79,0.163,Isochoric Saturation Method,1,C02011-A03001
181,C02011-A03001,C02011,C4MIm or BMIM,A03001,TFSI or NTf2,313.15,3.38,0.196,Isochoric Saturation Method,1,C02011-A03001
182,C02011-A03001,C02011,C4MIm or BMIM,A03001,TFSI or NTf2,313.15,3.99,0.227,Isochoric Saturation Method,1,C02011-A03001
183,C02011-A03001,C02011,C4MIm or BMIM,A03001,TFSI or NTf2,313.15,4.64,0.258,Isochoric Saturation Method,1,C02011-A03001
184,C02011-A03001,C02011,C4MIm or BMIM,A03001,TFSI or NTf2,313.15,5.47,0.291,Isochoric Saturation Method,1,C02011-A03001
185,C02011-A03001,C02011,C4MIm or BMIM,A03001,TFSI or NTf2,313.15,6.67,0.347,Isochoric Saturation Method,1,C02011-A03001
186,C02011-A03001,C02011,C4MIm or BMIM,A03001,TFSI or NTf2,313.15,8.25,0.434,Isochoric Saturation Method,1,C02011-A03001
187,C02011-A03001,C02011,C4MIm or BMIM,A03001,TFSI or NTf2,323.15,1.2,0.06,Isochoric Saturation Method,1,C02011-A03001
188,C02011-A03001,C02011,C4MIm or BMIM,A03001,TFSI or NTf2,323.15,2.24,0.114,Isochoric Saturation Method,1,C02011-A03001
189,C02011-A03001,C02011,C4MIm or BMIM,A03001,TFSI or NTf2,323.15,3.13,0.157,Isochoric Saturation Method,1,C02011-A03001
190,C02011-A03001,C02011,C4MIm or BMIM,A03001,TFSI or NTf2,323.15,3.79,0.188,Isochoric Saturation Method,1,C02011-A03001
191,C02011-A03001,C02011,C4MIm or BMIM,A03001,TFSI or NTf2,323.15,4.47,0.219,Isochoric Saturation Method,1,C02011-A03001
192,C02011-A03001,C02011,C4MIm or BMIM,A03001,TFSI or NTf2,323.15,5.21,0.252,Isochoric Saturation Method,1,C02011-A03001
193,C02011-A03001,C02011,C4MIm or BMIM,A03001,TFSI or NTf2,323.15,6.15,0.293,Isochoric Saturation Method,1,C02011-A03001
194,C02011-A03001,C02011,C4MIm or BMIM,A03001,TFSI or NTf2,323.15,7.51,0.34,Isochoric Saturation Method,1,C02011-A03001
195,C02011-A03001,C02011,C4MIm or BMIM,A03001,TFSI or NTf2,323.15,8.88,0.403,Isochoric Saturation Method,1,C02011-A03001
196,C02011-A03001,C02011,C4MIm or BMIM,A03001,TFSI or NTf2,333.15,1.33,0.055,Isochoric Saturation Method,1,C02011-A03001
197,C02011-A03001,C02011,C4MIm or BMIM,A03001,TFSI or NTf2,333.15,2.43,0.107,Isochoric Saturation Method,1,C02011-A03001
198,C02011-A03001,C02011,C4MIm or BMIM,A03001,TFSI or NTf2,333.15,3.45,0.148,Isochoric Saturation Method,1,C02011-A03001
199,C02011-A03001,C02011,C4MIm or BMIM,A03001,TFSI or NTf2,333.15,4.19,0.177,Isochoric Saturation Method,1,C02011-A03001
200,C02011-A03001,C02011,C4MIm or BMIM,A03001,TFSI or NTf2,333.15,4.94,0.206,Isochoric Saturation Method,1,C02011-A03001
201,C02011-A03001,C02011,C4MIm or BMIM,A03001,TFSI or NTf2,333.15,5.83,0.238,Isochoric Saturation Method,1,C02011-A03001
202,C02011-A03001,C02011,C4MIm or BMIM,A03001,TFSI or NTf2,333.15,6.82,0.272,Isochoric Saturation Method,1,C02011-A03001
203,C02011-A03001,C02011,C4MIm or BMIM,A03001,TFSI or NTf2,333.15,8.35,0.322,Isochoric Saturation Method,1,C02011-A03001
204,C02011-A03001,C02011,C4MIm or BMIM,A03001,TFSI or NTf2,343.15,1.46,0.051,Isochoric Saturation Method,1,C02011-A03001
205,C02011-A03001,C02011,C4MIm or BMIM,A03001,TFSI or NTf2,343.15,2.7,0.098,Isochoric Saturation Method,1,C02011-A03001
206,C02011-A03001,C02011,C4MIm or BMIM,A03001,TFSI or NTf2,343.15,3.78,0.134,Isochoric Saturation Method,1,C02011-A03001
207,C02011-A03001,C02011,C4MIm or BMIM,A03001,TFSI or NTf2,343.15,4.6,0.163,Isochoric Saturation Method,1,C02011-A03001
208,C02011-A03001,C02011,C4MIm or BMIM,A03001,TFSI or NTf2,343.15,5.42,0.19,Isochoric Saturation Method,1,C02011-A03001
209,C02011-A03001,C02011,C4MIm or BMIM,A03001,TFSI or NTf2,343.15,6.4,0.215,Isochoric Saturation Method,1,C02011-A03001
210,C02011-A03001,C02011,C4MIm or BMIM,A03001,TFSI or NTf2,343.15,7.48,0.246,Isochoric Saturation Method,1,C02011-A03001
211,C02011-A03001,C02011,C4MIm or BMIM,A03001,TFSI or NTf2,343.15,9.16,0.299,Isochoric Saturation Method,1,C02011-A03001
212,C02003-A05001,C02003,EMIM or C2MIm,A05001,PF6,333.15,1.449,0.038,Isochoric Saturation Method,5,C02003-A05001
213,C02003-A05001,C02003,EMIM or C2MIm,A05001,PF6,333.15,2.97,0.077,Isochoric Saturation Method,5,C02003-A05001
214,C02003-A05001,C02003,EMIM or C2MIm,A05001,PF6,333.15,4.83,0.124,Isochoric Saturation Method,5,C02003-A05001
215,C02003-A05001,C02003,EMIM or C2MIm,A05001,PF6,333.15,6.852,0.172,Isochoric Saturation Method,5,C02003-A05001
216,C02003-A05001,C02003,EMIM or C2MIm,A05001,PF6,333.15,9.227,0.224,Isochoric Saturation Method,5,C02003-A05001
217,C02003-A05001,C02003,EMIM or C2MIm,A05001,PF6,333.15,11.07,0.265,Isochoric Saturation Method,5,C02003-A05001
218,C02003-A05001,C02003,EMIM or C2MIm,A05001,PF6,333.15,13.69,0.318,Isochoric Saturation Method,5,C02003-A05001
219,C02003-A05001,C02003,EMIM or C2MIm,A05001,PF6,333.15,15.8,0.359,Isochoric Saturation Method,5,C02003-A05001
220,C02003-A05001,C02003,EMIM or C2MIm,A05001,PF6,338.15,1.499,0.037,Isochoric Saturation Method,5,C02003-A05001
221,C02003-A05001,C02003,EMIM or C2MIm,A05001,PF6,338.15,3.073,0.075,Isochoric Saturation Method,5,C02003-A05001
222,C02003-A05001,C02003,EMIM or C2MIm,A05001,PF6,338.15,5.001,0.119,Isochoric Saturation Method,5,C02003-A05001
223,C02003-A05001,C02003,EMIM or C2MIm,A05001,PF6,338.15,7.107,0.166,Isochoric Saturation Method,5,C02003-A05001
224,C02003-A05001,C02003,EMIM or C2MIm,A05001,PF6,338.15,9.566,0.218,Isochoric Saturation Method,5,C02003-A05001
225,C02003-A05001,C02003,EMIM or C2MIm,A05001,PF6,338.15,11.49,0.257,Isochoric Saturation Method,5,C02003-A05001
226,C02003-A05001,C02003,EMIM or C2MIm,A05001,PF6,338.15,14.23,0.308,Isochoric Saturation Method,5,C02003-A05001
227,C02003-A05001,C02003,EMIM or C2MIm,A05001,PF6,338.15,16.44,0.348,Isochoric Saturation Method,5,C02003-A05001
228,C02003-A05001,C02003,EMIM or C2MIm,A05001,PF6,343.15,1.541,0.036,Isochoric Saturation Method,5,C02003-A05001
229,C02003-A05001,C02003,EMIM or C2MIm,A05001,PF6,343.15,3.169,0.072,Isochoric Saturation Method,5,C02003-A05001
230,C02003-A05001,C02003,EMIM or C2MIm,A05001,PF6,343.15,5.16,0.116,Isochoric Saturation Method,5,C02003-A05001
231,C02003-A05001,C02003,EMIM or C2MIm,A05001,PF6,343.15,7.32,0.161,Isochoric Saturation Method,5,C02003-A05001
232,C02003-A05001,C02003,EMIM or C2MIm,A05001,PF6,343.15,9.901,0.212,Isochoric Saturation Method,5,C02003-A05001
233,C02003-A05001,C02003,EMIM or C2MIm,A05001,PF6,343.15,11.89,0.249,Isochoric Saturation Method,5,C02003-A05001
234,C02003-A05001,C02003,EMIM or C2MIm,A05001,PF6,343.15,14.74,0.3,Isochoric Saturation Method,5,C02003-A05001
235,C02003-A05001,C02003,EMIM or C2MIm,A05001,PF6,343.15,17.05,0.339,Isochoric Saturation Method,5,C02003-A05001
236,C02003-A05001,C02003,EMIM or C2MIm,A05001,PF6,353.15,1.625,0.033,Isochoric Saturation Method,5,C02003-A05001
237,C02003-A05001,C02003,EMIM or C2MIm,A05001,PF6,353.15,3.356,0.068,Isochoric Saturation Method,5,C02003-A05001
238,C02003-A05001,C02003,EMIM or C2MIm,A05001,PF6,353.15,5.462,0.109,Isochoric Saturation Method,5,C02003-A05001
239,C02003-A05001,C02003,EMIM or C2MIm,A05001,PF6,353.15,7.782,0.152,Isochoric Saturation Method,5,C02003-A05001
240,C02003-A05001,C02003,EMIM or C2MIm,A05001,PF6,353.15,10.52,0.2,Isochoric Saturation Method,5,C02003-A05001
241,C02003-A05001,C02003,EMIM or C2MIm,A05001,PF6,353.15,12.65,0.236,Isochoric Saturation Method,5,C02003-A05001
242,C02003-A05001,C02003,EMIM or C2MIm,A05001,PF6,353.15,15.67,0.285,Isochoric Saturation Method,5,C02003-A05001
243,C02003-A05001,C02003,EMIM or C2MIm,A05001,PF6,353.15,18.22,0.322,Isochoric Saturation Method,5,C02003-A05001
244,C02003-A05001,C02003,EMIM or C2MIm,A05001,PF6,363.15,1.725,0.032,Isochoric Saturation Method,5,C02003-A05001
245,C02003-A05001,C02003,EMIM or C2MIm,A05001,PF6,363.15,3.536,0.064,Isochoric Saturation Method,5,C02003-A05001
246,C02003-A05001,C02003,EMIM or C2MIm,A05001,PF6,363.15,5.77,0.102,Isochoric Saturation Method,5,C02003-A05001
247,C02003-A05001,C02003,EMIM or C2MIm,A05001,PF6,363.15,8.222,0.143,Isochoric Saturation Method,5,C02003-A05001
248,C02003-A05001,C02003,EMIM or C2MIm,A05001,PF6,363.15,11.12,0.187,Isochoric Saturation Method,5,C02003-A05001
249,C02003-A05001,C02003,EMIM or C2MIm,A05001,PF6,363.15,13.37,0.223,Isochoric Saturation Method,5,C02003-A05001
250,C02003-A05001,C02003,EMIM or C2MIm,A05001,PF6,363.15,16.64,0.27,Isochoric Saturation Method,5,C02003-A05001
251,C02003-A05001,C02003,EMIM or C2MIm,A05001,PF6,363.15,19.33,0.306,Isochoric Saturation Method,5,C02003-A05001
252,C02003-A03001,C02003,EMIM or C2MIm,A03001,TFSI or NTf2,303.15,1.077,0.07,Isochoric Saturation Method,5,C02003-A03001
253,C02003-A03001,C02003,EMIM or C2MIm,A03001,TFSI or NTf2,303.15,2.145,0.136,Isochoric Saturation Method,5,C02003-A03001
254,C02003-A03001,C02003,EMIM or C2MIm,A03001,TFSI or NTf2,303.15,3.629,0.221,Isochoric Saturation Method,5,C02003-A03001
255,C02003-A03001,C02003,EMIM or C2MIm,A03001,TFSI or NTf2,303.15,5.816,0.33,Isochoric Saturation Method,5,C02003-A03001
256,C02003-A03001,C02003,EMIM or C2MIm,A03001,TFSI or NTf2,303.15,8.115,0.427,Isochoric Saturation Method,5,C02003-A03001
257,C02003-A03001,C02003,EMIM or C2MIm,A03001,TFSI or NTf2,303.15,10.25,0.506,Isochoric Saturation Method,5,C02003-A03001
258,C02003-A03001,C02003,EMIM or C2MIm,A03001,TFSI or NTf2,303.15,12.44,0.567,Isochoric Saturation Method,5,C02003-A03001
259,C02003-A03001,C02003,EMIM or C2MIm,A03001,TFSI or NTf2,303.15,14.44,0.609,Isochoric Saturation Method,5,C02003-A03001
260,C02003-A03001,C02003,EMIM or C2MIm,A03001,TFSI or NTf2,313.15,1.186,0.065,Isochoric Saturation Method,5,C02003-A03001
261,C02003-A03001,C02003,EMIM or C2MIm,A03001,TFSI or NTf2,313.15,2.365,0.126,Isochoric Saturation Method,5,C02003-A03001
262,C02003-A03001,C02003,EMIM or C2MIm,A03001,TFSI or NTf2,313.15,4.017,0.205,Isochoric Saturation Method,5,C02003-A03001
263,C02003-A03001,C02003,EMIM or C2MIm,A03001,TFSI or NTf2,313.15,6.445,0.309,Isochoric Saturation Method,5,C02003-A03001
264,C02003-A03001,C02003,EMIM or C2MIm,A03001,TFSI or NTf2,313.15,9.078,0.407,Isochoric Saturation Method,5,C02003-A03001
265,C02003-A03001,C02003,EMIM or C2MIm,A03001,TFSI or NTf2,313.15,11.52,0.481,Isochoric Saturation Method,5,C02003-A03001
266,C02003-A03001,C02003,EMIM or C2MIm,A03001,TFSI or NTf2,313.15,13.95,0.541,Isochoric Saturation Method,5,C02003-A03001
267,C02003-A03001,C02003,EMIM or C2MIm,A03001,TFSI or NTf2,313.15,16.28,0.584,Isochoric Saturation Method,5,C02003-A03001
268,C02003-A03001,C02003,EMIM or C2MIm,A03001,TFSI or NTf2,323.15,1.29,0.059,Isochoric Saturation Method,5,C02003-A03001
269,C02003-A03001,C02003,EMIM or C2MIm,A03001,TFSI or NTf2,323.15,2.573,0.118,Isochoric Saturation Method,5,C02003-A03001
270,C02003-A03001,C02003,EMIM or C2MIm,A03001,TFSI or NTf2,323.15,4.378,0.19,Isochoric Saturation Method,5,C02003-A03001
271,C02003-A03001,C02003,EMIM or C2MIm,A03001,TFSI or NTf2,323.15,7.063,0.291,Isochoric Saturation Method,5,C02003-A03001
272,C02003-A03001,C02003,EMIM or C2MIm,A03001,TFSI or NTf2,323.15,9.998,0.387,Isochoric Saturation Method,5,C02003-A03001
273,C02003-A03001,C02003,EMIM or C2MIm,A03001,TFSI or NTf2,323.15,12.74,0.465,Isochoric Saturation Method,5,C02003-A03001
274,C02003-A03001,C02003,EMIM or C2MIm,A03001,TFSI or NTf2,323.15,15.23,0.523,Isochoric Saturation Method,5,C02003-A03001
275,C02003-A03001,C02003,EMIM or C2MIm,A03001,TFSI or NTf2,333.15,1.389,0.056,Isochoric Saturation Method,5,C02003-A03001
276,C02003-A03001,C02003,EMIM or C2MIm,A03001,TFSI or NTf2,333.15,2.773,0.108,Isochoric Saturation Method,5,C02003-A03001
277,C02003-A03001,C02003,EMIM or C2MIm,A03001,TFSI or NTf2,333.15,4.73,0.178,Isochoric Saturation Method,5,C02003-A03001
278,C02003-A03001,C02003,EMIM or C2MIm,A03001,TFSI or NTf2,333.15,7.659,0.273,Isochoric Saturation Method,5,C02003-A03001
279,C02003-A03001,C02003,EMIM or C2MIm,A03001,TFSI or NTf2,333.15,10.87,0.363,Isochoric Saturation Method,5,C02003-A03001
280,C02003-A03001,C02003,EMIM or C2MIm,A03001,TFSI or NTf2,333.15,13.91,0.438,Isochoric Saturation Method,5,C02003-A03001
281,C02003-A03001,C02003,EMIM or C2MIm,A03001,TFSI or NTf2,333.15,16.86,0.496,Isochoric Saturation Method,5,C02003-A03001
282,C02003-A03001,C02003,EMIM or C2MIm,A03001,TFSI or NTf2,343.15,1.483,0.052,Isochoric Saturation Method,5,C02003-A03001
283,C02003-A03001,C02003,EMIM or C2MIm,A03001,TFSI or NTf2,343.15,2.963,0.101,Isochoric Saturation Method,5,C02003-A03001
284,C02003-A03001,C02003,EMIM or C2MIm,A03001,TFSI or NTf2,343.15,5.06,0.167,Isochoric Saturation Method,5,C02003-A03001
285,C02003-A03001,C02003,EMIM or C2MIm,A03001,TFSI or NTf2,343.15,8.214,0.258,Isochoric Saturation Method,5,C02003-A03001
286,C02003-A03001,C02003,EMIM or C2MIm,A03001,TFSI or NTf2,343.15,11.69,0.345,Isochoric Saturation Method,5,C02003-A03001
287,C02003-A03001,C02003,EMIM or C2MIm,A03001,TFSI or NTf2,343.15,14.99,0.416,Isochoric Saturation Method,5,C02003-A03001
288,C02003-A03001,C02003,EMIM or C2MIm,A03001,TFSI or NTf2,353.15,1.569,0.049,Isochoric Saturation Method,5,C02003-A03001
289,C02003-A03001,C02003,EMIM or C2MIm,A03001,TFSI or NTf2,353.15,3.141,0.095,Isochoric Saturation Method,5,C02003-A03001
290,C02003-A03001,C02003,EMIM or C2MIm,A03001,TFSI or NTf2,353.15,5.375,0.158,Isochoric Saturation Method,5,C02003-A03001
291,C02003-A03001,C02003,EMIM or C2MIm,A03001,TFSI or NTf2,353.15,8.745,0.243,Isochoric Saturation Method,5,C02003-A03001
292,C02003-A03001,C02003,EMIM or C2MIm,A03001,TFSI or NTf2,353.15,12.48,0.328,Isochoric Saturation Method,5,C02003-A03001
293,C02003-A03001,C02003,EMIM or C2MIm,A03001,TFSI or NTf2,353.15,16.06,0.398,Isochoric Saturation Method,5,C02003-A03001
294,C02125-A02001,C02125,C2OHMIM,A02001,BF4,303.15,1.36,0.039,Isochoric Saturation Method,6,C02125-A02001
295,C02125-A02001,C02125,C2OHMIM,A02001,BF4,303.15,1.64,0.048,Isochoric Saturation Method,6,C02125-A02001
296,C02125-A02001,C02125,C2OHMIM,A02001,BF4,303.15,2.89,0.081,Isochoric Saturation Method,6,C02125-A02001
297,C02125-A02001,C02125,C2OHMIM,A02001,BF4,303.15,4.62,0.126,Isochoric Saturation Method,6,C02125-A02001
298,C02125-A02001,C02125,C2OHMIM,A02001,BF4,303.15,5.32,0.144,Isochoric Saturation Method,6,C02125-A02001
299,C02125-A02001,C02125,C2OHMIM,A02001,BF4,303.15,6.52,0.174,Isochoric Saturation Method,6,C02125-A02001
300,C02125-A02001,C02125,C2OHMIM,A02001,BF4,303.15,7.03,0.187,Isochoric Saturation Method,6,C02125-A02001
301,C02125-A02001,C02125,C2OHMIM,A02001,BF4,303.15,8.02,0.208,Isochoric Saturation Method,6,C02125-A02001
302,C02125-A02001,C02125,C2OHMIM,A02001,BF4,303.15,9.69,0.235,Isochoric Saturation Method,6,C02125-A02001
303,C02125-A02001,C02125,C2OHMIM,A02001,BF4,303.15,10.27,0.247,Isochoric Saturation Method,6,C02125-A02001
304,C02125-A02001,C02125,C2OHMIM,A02001,BF4,313.15,1.21,0.028,Isochoric Saturation Method,6,C02125-A02001
305,C02125-A02001,C02125,C2OHMIM,A02001,BF4,313.15,2.35,0.055,Isochoric Saturation Method,6,C02125-A02001
306,C02125-A02001,C02125,C2OHMIM,A02001,BF4,313.15,3.38,0.076,Isochoric Saturation Method,6,C02125-A02001
307,C02125-A02001,C02125,C2OHMIM,A02001,BF4,313.15,5.05,0.112,Isochoric Saturation Method,6,C02125-A02001
308,C02125-A02001,C02125,C2OHMIM,A02001,BF4,313.15,6.41,0.14,Isochoric Saturation Method,6,C02125-A02001
309,C02125-A02001,C02125,C2OHMIM,A02001,BF4,313.15,7.6,0.162,Isochoric Saturation Method,6,C02125-A02001
310,C02125-A02001,C02125,C2OHMIM,A02001,BF4,313.15,8.9,0.186,Isochoric Saturation Method,6,C02125-A02001
311,C02125-A02001,C02125,C2OHMIM,A02001,BF4,313.15,9.69,0.202,Isochoric Saturation Method,6,C02125-A02001
312,C02125-A02001,C02125,C2OHMIM,A02001,BF4,313.15,10.66,0.217,Isochoric Saturation Method,6,C02125-A02001
313,C02125-A02001,C02125,C2OHMIM,A02001,BF4,323.15,1.42,0.026,Isochoric Saturation Method,6,C02125-A02001
314,C02125-A02001,C02125,C2OHMIM,A02001,BF4,323.15,2.5,0.047,Isochoric Saturation Method,6,C02125-A02001
315,C02125-A02001,C02125,C2OHMIM,A02001,BF4,323.15,3.5,0.065,Isochoric Saturation Method,6,C02125-A02001
316,C02125-A02001,C02125,C2OHMIM,A02001,BF4,323.15,4.44,0.083,Isochoric Saturation Method,6,C02125-A02001
317,C02125-A02001,C02125,C2OHMIM,A02001,BF4,323.15,5.31,0.097,Isochoric Saturation Method,6,C02125-A02001
318,C02125-A02001,C02125,C2OHMIM,A02001,BF4,323.15,6.06,0.111,Isochoric Saturation Method,6,C02125-A02001
319,C02125-A02001,C02125,C2OHMIM,A02001,BF4,323.15,6.75,0.123,Isochoric Saturation Method,6,C02125-A02001
320,C02125-A02001,C02125,C2OHMIM,A02001,BF4,323.15,7.93,0.142,Isochoric Saturation Method,6,C02125-A02001
321,C02125-A02001,C02125,C2OHMIM,A02001,BF4,323.15,9.31,0.164,Isochoric Saturation Method,6,C02125-A02001
322,C02125-A02001,C02125,C2OHMIM,A02001,BF4,323.15,10.03,0.176,Isochoric Saturation Method,6,C02125-A02001
323,C02125-A02001,C02125,C2OHMIM,A02001,BF4,333.15,1.55,0.025,Isochoric Saturation Method,6,C02125-A02001
324,C02125-A02001,C02125,C2OHMIM,A02001,BF4,333.15,2.77,0.045,Isochoric Saturation Method,6,C02125-A02001
325,C02125-A02001,C02125,C2OHMIM,A02001,BF4,333.15,3.94,0.062,Isochoric Saturation Method,6,C02125-A02001
326,C02125-A02001,C02125,C2OHMIM,A02001,BF4,333.15,4.95,0.077,Isochoric Saturation Method,6,C02125-A02001
327,C02125-A02001,C02125,C2OHMIM,A02001,BF4,333.15,6.13,0.096,Isochoric Saturation Method,6,C02125-A02001
328,C02125-A02001,C02125,C2OHMIM,A02001,BF4,333.15,7.57,0.116,Isochoric Saturation Method,6,C02125-A02001
329,C02125-A02001,C02125,C2OHMIM,A02001,BF4,333.15,8.68,0.133,Isochoric Saturation Method,6,C02125-A02001
330,C02125-A02001,C02125,C2OHMIM,A02001,BF4,343.15,3.0,0.041,Isochoric Saturation Method,6,C02125-A02001
331,C02125-A02001,C02125,C2OHMIM,A02001,BF4,343.15,4.08,0.055,Isochoric Saturation Method,6,C02125-A02001
332,C02125-A02001,C02125,C2OHMIM,A02001,BF4,343.15,5.18,0.07,Isochoric Saturation Method,6,C02125-A02001
333,C02125-A02001,C02125,C2OHMIM,A02001,BF4,343.15,6.13,0.082,Isochoric Saturation Method,6,C02125-A02001
334,C02125-A02001,C02125,C2OHMIM,A02001,BF4,343.15,7.55,0.099,Isochoric Saturation Method,6,C02125-A02001
335,C02125-A02001,C02125,C2OHMIM,A02001,BF4,343.15,8.72,0.115,Isochoric Saturation Method,6,C02125-A02001
336,C02125-A02001,C02125,C2OHMIM,A02001,BF4,343.15,9.89,0.127,Isochoric Saturation Method,6,C02125-A02001
337,C02125-A02001,C02125,C2OHMIM,A02001,BF4,343.15,10.66,0.137,Isochoric Saturation Method,6,C02125-A02001
338,C02125-A02001,C02125,C2OHMIM,A02001,BF4,353.15,1.65,0.02,Isochoric Saturation Method,6,C02125-A02001
339,C02125-A02001,C02125,C2OHMIM,A02001,BF4,353.15,3.18,0.039,Isochoric Saturation Method,6,C02125-A02001
340,C02125-A02001,C02125,C2OHMIM,A02001,BF4,353.15,4.42,0.055,Isochoric Saturation Method,6,C02125-A02001
341,C02125-A02001,C02125,C2OHMIM,A02001,BF4,353.15,6.44,0.079,Isochoric Saturation Method,6,C02125-A02001
342,C02125-A02001,C02125,C2OHMIM,A02001,BF4,353.15,8.45,0.102,Isochoric Saturation Method,6,C02125-A02001
343,C02125-A02001,C02125,C2OHMIM,A02001,BF4,353.15,9.64,0.115,Isochoric Saturation Method,6,C02125-A02001
344,C02125-A02001,C02125,C2OHMIM,A02001,BF4,353.15,10.47,0.126,Isochoric Saturation Method,6,C02125-A02001
345,C02125-A05001,C02125,C2OHMIM,A05001,PF6,303.15,1.336,0.0474324350970471,Isochoric Saturation Method,7,C02125-A05001
346,C02125-A05001,C02125,C2OHMIM,A05001,PF6,303.15,2.806,0.0981566321561271,Isochoric Saturation Method,7,C02125-A05001
347,C02125-A05001,C02125,C2OHMIM,A05001,PF6,303.15,4.282,0.147327703706609,Isochoric Saturation Method,7,C02125-A05001
348,C02125-A05001,C02125,C2OHMIM,A05001,PF6,303.15,5.755,0.19478017861225,Isochoric Saturation Method,7,C02125-A05001
349,C02125-A05001,C02125,C2OHMIM,A05001,PF6,303.15,7.42,0.246456953627413,Isochoric Saturation Method,7,C02125-A05001
350,C02125-A05001,C02125,C2OHMIM,A05001,PF6,303.15,9.47,0.307119780767156,Isochoric Saturation Method,7,C02125-A05001
351,C02125-A05001,C02125,C2OHMIM,A05001,PF6,303.15,11.57,0.365934487970858,Isochoric Saturation Method,7,C02125-A05001
352,C02125-A05001,C02125,C2OHMIM,A05001,PF6,303.15,12.7,0.396048101145032,Isochoric Saturation Method,7,C02125-A05001
353,C02125-A05001,C02125,C2OHMIM,A05001,PF6,303.15,15.08,0.462711218294253,Isochoric Saturation Method,7,C02125-A05001
354,C02125-A05001,C02125,C2OHMIM,A05001,PF6,313.15,1.444,0.0432165681211625,Isochoric Saturation Method,7,C02125-A05001
355,C02125-A05001,C02125,C2OHMIM,A05001,PF6,313.15,4.648,0.134679518175711,Isochoric Saturation Method,7,C02125-A05001
356,C02125-A05001,C02125,C2OHMIM,A05001,PF6,313.15,6.275,0.178766178306287,Isochoric Saturation Method,7,C02125-A05001
357,C02125-A05001,C02125,C2OHMIM,A05001,PF6,313.15,8.125,0.226961062569849,Isochoric Saturation Method,7,C02125-A05001
358,C02125-A05001,C02125,C2OHMIM,A05001,PF6,313.15,10.41,0.280674589124922,Isochoric Saturation Method,7,C02125-A05001
359,C02125-A05001,C02125,C2OHMIM,A05001,PF6,313.15,12.8,0.33350746561615,Isochoric Saturation Method,7,C02125-A05001
360,C02125-A05001,C02125,C2OHMIM,A05001,PF6,313.15,14.07,0.365606133522907,Isochoric Saturation Method,7,C02125-A05001
361,C02125-A05001,C02125,C2OHMIM,A05001,PF6,313.15,16.85,0.426579661216383,Isochoric Saturation Method,7,C02125-A05001
362,C02125-A05001,C02125,C2OHMIM,A05001,PF6,323.15,1.55,0.0412196912765757,Isochoric Saturation Method,7,C02125-A05001
363,C02125-A05001,C02125,C2OHMIM,A05001,PF6,323.15,3.266,0.08513563138724,Isochoric Saturation Method,7,C02125-A05001
364,C02125-A05001,C02125,C2OHMIM,A05001,PF6,323.15,5.002,0.127489262228478,Isochoric Saturation Method,7,C02125-A05001
365,C02125-A05001,C02125,C2OHMIM,A05001,PF6,323.15,6.756,0.168171098554007,Isochoric Saturation Method,7,C02125-A05001
366,C02125-A05001,C02125,C2OHMIM,A05001,PF6,323.15,8.788,0.212719492821301,Isochoric Saturation Method,7,C02125-A05001
367,C02125-A05001,C02125,C2OHMIM,A05001,PF6,323.15,11.29,0.260408310821395,Isochoric Saturation Method,7,C02125-A05001
368,C02125-A05001,C02125,C2OHMIM,A05001,PF6,323.15,13.92,0.31256316255592,Isochoric Saturation Method,7,C02125-A05001
369,C02125-A05001,C02125,C2OHMIM,A05001,PF6,323.15,15.34,0.337113949250372,Isochoric Saturation Method,7,C02125-A05001
370,C02125-A05001,C02125,C2OHMIM,A05001,PF6,333.15,1.646,0.0382086983251174,Isochoric Saturation Method,7,C02125-A05001
371,C02125-A05001,C02125,C2OHMIM,A05001,PF6,333.15,3.477,0.0789450051878423,Isochoric Saturation Method,7,C02125-A05001
372,C02125-A05001,C02125,C2OHMIM,A05001,PF6,333.15,5.328,0.118278760225872,Isochoric Saturation Method,7,C02125-A05001
373,C02125-A05001,C02125,C2OHMIM,A05001,PF6,333.15,7.209,0.156525431348677,Isochoric Saturation Method,7,C02125-A05001
374,C02125-A05001,C02125,C2OHMIM,A05001,PF6,333.15,9.397,0.198817582941609,Isochoric Saturation Method,7,C02125-A05001
375,C02125-A05001,C02125,C2OHMIM,A05001,PF6,333.15,12.1,0.243976724765039,Isochoric Saturation Method,7,C02125-A05001
376,C02125-A05001,C02125,C2OHMIM,A05001,PF6,333.15,14.95,0.291354647165124,Isochoric Saturation Method,7,C02125-A05001
377,C02125-A05001,C02125,C2OHMIM,A05001,PF6,333.15,16.44,0.317921682812711,Isochoric Saturation Method,7,C02125-A05001
378,C02125-A05001,C02125,C2OHMIM,A05001,PF6,343.15,1.74,0.036696098811861,Isochoric Saturation Method,7,C02125-A05001
379,C02125-A05001,C02125,C2OHMIM,A05001,PF6,343.15,3.683,0.0761666421696855,Isochoric Saturation Method,7,C02125-A05001
380,C02125-A05001,C02125,C2OHMIM,A05001,PF6,343.15,5.652,0.112744213827935,Isochoric Saturation Method,7,C02125-A05001
381,C02125-A05001,C02125,C2OHMIM,A05001,PF6,343.15,7.63,0.148513035541662,Isochoric Saturation Method,7,C02125-A05001
382,C02125-A05001,C02125,C2OHMIM,A05001,PF6,343.15,9.966,0.187481230816432,Isochoric Saturation Method,7,C02125-A05001
383,C02125-A05001,C02125,C2OHMIM,A05001,PF6,343.15,12.86,0.23148731719677,Isochoric Saturation Method,7,C02125-A05001
384,C02125-A05001,C02125,C2OHMIM,A05001,PF6,343.15,15.92,0.275284385654225,Isochoric Saturation Method,7,C02125-A05001
385,C02125-A05001,C02125,C2OHMIM,A05001,PF6,353.15,1.828,0.0346718830423899,Isochoric Saturation Method,7,C02125-A05001
386,C02125-A05001,C02125,C2OHMIM,A05001,PF6,353.15,3.878,0.0719675262876799,Isochoric Saturation Method,7,C02125-A05001
387,C02125-A05001,C02125,C2OHMIM,A05001,PF6,353.15,5.936,0.107356613353838,Isochoric Saturation Method,7,C02125-A05001
388,C02125-A05001,C02125,C2OHMIM,A05001,PF6,353.15,8.038,0.140949781384605,Isochoric Saturation Method,7,C02125-A05001
389,C02125-A05001,C02125,C2OHMIM,A05001,PF6,353.15,10.51,0.178031477448965,Isochoric Saturation Method,7,C02125-A05001
390,C02125-A05001,C02125,C2OHMIM,A05001,PF6,353.15,13.56,0.219905271536933,Isochoric Saturation Method,7,C02125-A05001
391,C02125-A05001,C02125,C2OHMIM,A05001,PF6,353.15,16.83,0.261893697339806,Isochoric Saturation Method,7,C02125-A05001
392,C02125-A03001,C02125,C2OHMIM,A03001,TFSI or NTf2,303.15,1.562,0.0798293156994277,Isochoric Saturation Method,7,C02125-A03001
393,C02125-A03001,C02125,C2OHMIM,A03001,TFSI or NTf2,303.15,3.01,0.149036837344348,Isochoric Saturation Method,7,C02125-A03001
394,C02125-A03001,C02125,C2OHMIM,A03001,TFSI or NTf2,303.15,4.902,0.233277651400637,Isochoric Saturation Method,7,C02125-A03001
395,C02125-A03001,C02125,C2OHMIM,A03001,TFSI or NTf2,303.15,7.381,0.332137101834332,Isochoric Saturation Method,7,C02125-A03001
396,C02125-A03001,C02125,C2OHMIM,A03001,TFSI or NTf2,303.15,10.34,0.434182143105294,Isochoric Saturation Method,7,C02125-A03001
397,C02125-A03001,C02125,C2OHMIM,A03001,TFSI or NTf2,303.15,11.07,0.456598494593074,Isochoric Saturation Method,7,C02125-A03001
398,C02125-A03001,C02125,C2OHMIM,A03001,TFSI or NTf2,303.15,13.78,0.52985405588559,Isochoric Saturation Method,7,C02125-A03001
399,C02125-A03001,C02125,C2OHMIM,A03001,TFSI or NTf2,303.15,15.45,0.572354936165849,Isochoric Saturation Method,7,C02125-A03001
400,C02125-A03001,C02125,C2OHMIM,A03001,TFSI or NTf2,313.15,1.704,0.0760200784532872,Isochoric Saturation Method,7,C02125-A03001
401,C02125-A03001,C02125,C2OHMIM,A03001,TFSI or NTf2,313.15,3.284,0.142198670047662,Isochoric Saturation Method,7,C02125-A03001
402,C02125-A03001,C02125,C2OHMIM,A03001,TFSI or NTf2,313.15,5.235,0.216642707683881,Isochoric Saturation Method,7,C02125-A03001
403,C02125-A03001,C02125,C2OHMIM,A03001,TFSI or NTf2,313.15,8.136,0.309406573068238,Isochoric Saturation Method,7,C02125-A03001
404,C02125-A03001,C02125,C2OHMIM,A03001,TFSI or NTf2,313.15,11.48,0.40926879705211,Isochoric Saturation Method,7,C02125-A03001
405,C02125-A03001,C02125,C2OHMIM,A03001,TFSI or NTf2,313.15,12.24,0.426248620701684,Isochoric Saturation Method,7,C02125-A03001
406,C02125-A03001,C02125,C2OHMIM,A03001,TFSI or NTf2,313.15,15.44,0.499062194334013,Isochoric Saturation Method,7,C02125-A03001
407,C02125-A03001,C02125,C2OHMIM,A03001,TFSI or NTf2,323.15,1.838,0.0686596233119339,Isochoric Saturation Method,7,C02125-A03001
408,C02125-A03001,C02125,C2OHMIM,A03001,TFSI or NTf2,323.15,3.55,0.128805952764381,Isochoric Saturation Method,7,C02125-A03001
409,C02125-A03001,C02125,C2OHMIM,A03001,TFSI or NTf2,323.15,5.816,0.202650517256556,Isochoric Saturation Method,7,C02125-A03001
410,C02125-A03001,C02125,C2OHMIM,A03001,TFSI or NTf2,323.15,8.847,0.291470079135707,Isochoric Saturation Method,7,C02125-A03001
411,C02125-A03001,C02125,C2OHMIM,A03001,TFSI or NTf2,323.15,12.52,0.383611866802962,Isochoric Saturation Method,7,C02125-A03001
412,C02125-A03001,C02125,C2OHMIM,A03001,TFSI or NTf2,323.15,13.36,0.402221202544434,Isochoric Saturation Method,7,C02125-A03001
413,C02125-A03001,C02125,C2OHMIM,A03001,TFSI or NTf2,323.15,16.91,0.471568900836364,Isochoric Saturation Method,7,C02125-A03001
414,C02125-A03001,C02125,C2OHMIM,A03001,TFSI or NTf2,333.15,1.966,0.0644007575734186,Isochoric Saturation Method,7,C02125-A03001
415,C02125-A03001,C02125,C2OHMIM,A03001,TFSI or NTf2,333.15,3.793,0.121008477521638,Isochoric Saturation Method,7,C02125-A03001
416,C02125-A03001,C02125,C2OHMIM,A03001,TFSI or NTf2,333.15,6.224,0.190825056619994,Isochoric Saturation Method,7,C02125-A03001
417,C02125-A03001,C02125,C2OHMIM,A03001,TFSI or NTf2,333.15,9.479,0.273223013916544,Isochoric Saturation Method,7,C02125-A03001
418,C02125-A03001,C02125,C2OHMIM,A03001,TFSI or NTf2,333.15,13.46,0.359825462814182,Isochoric Saturation Method,7,C02125-A03001
419,C02125-A03001,C02125,C2OHMIM,A03001,TFSI or NTf2,333.15,14.4,0.382371397372361,Isochoric Saturation Method,7,C02125-A03001
420,C02125-A03001,C02125,C2OHMIM,A03001,TFSI or NTf2,333.15,18.32,0.450640668346168,Isochoric Saturation Method,7,C02125-A03001
421,C02125-A03001,C02125,C2OHMIM,A03001,TFSI or NTf2,343.15,2.078,0.0611809592477431,Isochoric Saturation Method,7,C02125-A03001
422,C02125-A03001,C02125,C2OHMIM,A03001,TFSI or NTf2,343.15,4.021,0.114669274969027,Isochoric Saturation Method,7,C02125-A03001
423,C02125-A03001,C02125,C2OHMIM,A03001,TFSI or NTf2,343.15,6.606,0.180835884893025,Isochoric Saturation Method,7,C02125-A03001
424,C02125-A03001,C02125,C2OHMIM,A03001,TFSI or NTf2,343.15,10.09,0.260749697387889,Isochoric Saturation Method,7,C02125-A03001
425,C02125-A03001,C02125,C2OHMIM,A03001,TFSI or NTf2,343.15,14.38,0.344091285701767,Isochoric Saturation Method,7,C02125-A03001
426,C02125-A03001,C02125,C2OHMIM,A03001,TFSI or NTf2,343.15,15.39,0.364136187276645,Isochoric Saturation Method,7,C02125-A03001
427,C02125-A03001,C02125,C2OHMIM,A03001,TFSI or NTf2,353.15,2.192,0.0575773140011026,Isochoric Saturation Method,7,C02125-A03001
428,C02125-A03001,C02125,C2OHMIM,A03001,TFSI or NTf2,353.15,4.241,0.109531697376841,Isochoric Saturation Method,7,C02125-A03001
429,C02125-A03001,C02125,C2OHMIM,A03001,TFSI or NTf2,353.15,6.979,0.172832442570377,Isochoric Saturation Method,7,C02125-A03001
430,C02125-A03001,C02125,C2OHMIM,A03001,TFSI or NTf2,353.15,10.68,0.247840757659031,Isochoric Saturation Method,7,C02125-A03001
431,C02125-A03001,C02125,C2OHMIM,A03001,TFSI or NTf2,353.15,15.26,0.328300061796394,Isochoric Saturation Method,7,C02125-A03001
432,C02125-A03001,C02125,C2OHMIM,A03001,TFSI or NTf2,353.15,16.34,0.347923756637321,Isochoric Saturation Method,7,C02125-A03001
433,C02125-A04003,C02125,C2OHMIM,A04003,TfO OR TFMS,303.15,1.059,0.0533394020588732,Isochoric Saturation Method,7,C02125-A04003
434,C02125-A04003,C02125,C2OHMIM,A04003,TfO OR TFMS,303.15,2.547,0.123894003790385,Isochoric Saturation Method,7,C02125-A04003
435,C02125-A04003,C02125,C2OHMIM,A04003,TfO OR TFMS,303.15,4.028,0.189225783593011,Isochoric Saturation Method,7,C02125-A04003
436,C02125-A04003,C02125,C2OHMIM,A04003,TfO OR TFMS,303.15,6.017,0.268803913829419,Isochoric Saturation Method,7,C02125-A04003
437,C02125-A04003,C02125,C2OHMIM,A04003,TfO OR TFMS,303.15,8.292,0.34452388377989,Isochoric Saturation Method,7,C02125-A04003
438,C02125-A04003,C02125,C2OHMIM,A04003,TfO OR TFMS,303.15,11.16,0.432207635762561,Isochoric Saturation Method,7,C02125-A04003
439,C02125-A04003,C02125,C2OHMIM,A04003,TfO OR TFMS,303.15,13.28,0.482374542600265,Isochoric Saturation Method,7,C02125-A04003
440,C02125-A04003,C02125,C2OHMIM,A04003,TfO OR TFMS,303.15,16.31,0.548251852122231,Isochoric Saturation Method,7,C02125-A04003
441,C02125-A04003,C02125,C2OHMIM,A04003,TfO OR TFMS,313.15,1.171,0.0511064573154473,Isochoric Saturation Method,7,C02125-A04003
442,C02125-A04003,C02125,C2OHMIM,A04003,TfO OR TFMS,313.15,2.826,0.11834709123309,Isochoric Saturation Method,7,C02125-A04003
443,C02125-A04003,C02125,C2OHMIM,A04003,TfO OR TFMS,313.15,4.47,0.17930145751137,Isochoric Saturation Method,7,C02125-A04003
444,C02125-A04003,C02125,C2OHMIM,A04003,TfO OR TFMS,313.15,6.719,0.252345616098614,Isochoric Saturation Method,7,C02125-A04003
445,C02125-A04003,C02125,C2OHMIM,A04003,TfO OR TFMS,313.15,9.305,0.316431509991857,Isochoric Saturation Method,7,C02125-A04003
446,C02125-A04003,C02125,C2OHMIM,A04003,TfO OR TFMS,313.15,12.61,0.399431718269095,Isochoric Saturation Method,7,C02125-A04003
447,C02125-A04003,C02125,C2OHMIM,A04003,TfO OR TFMS,313.15,15.09,0.442695499075097,Isochoric Saturation Method,7,C02125-A04003
448,C02125-A04003,C02125,C2OHMIM,A04003,TfO OR TFMS,323.15,1.278,0.04736138155463,Isochoric Saturation Method,7,C02125-A04003
449,C02125-A04003,C02125,C2OHMIM,A04003,TfO OR TFMS,323.15,3.093,0.108798264366796,Isochoric Saturation Method,7,C02125-A04003
450,C02125-A04003,C02125,C2OHMIM,A04003,TfO OR TFMS,323.15,4.896,0.164143913688832,Isochoric Saturation Method,7,C02125-A04003
451,C02125-A04003,C02125,C2OHMIM,A04003,TfO OR TFMS,323.15,7.383,0.232046868486798,Isochoric Saturation Method,7,C02125-A04003
452,C02125-A04003,C02125,C2OHMIM,A04003,TfO OR TFMS,323.15,10.26,0.290720180032241,Isochoric Saturation Method,7,C02125-A04003
453,C02125-A04003,C02125,C2OHMIM,A04003,TfO OR TFMS,323.15,13.98,0.368751826674402,Isochoric Saturation Method,7,C02125-A04003
454,C02125-A04003,C02125,C2OHMIM,A04003,TfO OR TFMS,323.15,16.8,0.409712798123076,Isochoric Saturation Method,7,C02125-A04003
455,C02125-A04003,C02125,C2OHMIM,A04003,TfO OR TFMS,333.15,1.379,0.0430810646220754,Isochoric Saturation Method,7,C02125-A04003
456,C02125-A04003,C02125,C2OHMIM,A04003,TfO OR TFMS,333.15,3.342,0.0997124301444367,Isochoric Saturation Method,7,C02125-A04003
457,C02125-A04003,C02125,C2OHMIM,A04003,TfO OR TFMS,333.15,5.298,0.150812765593922,Isochoric Saturation Method,7,C02125-A04003
458,C02125-A04003,C02125,C2OHMIM,A04003,TfO OR TFMS,333.15,8.003,0.213700977401137,Isochoric Saturation Method,7,C02125-A04003
459,C02125-A04003,C02125,C2OHMIM,A04003,TfO OR TFMS,333.15,11.17,0.273353193074998,Isochoric Saturation Method,7,C02125-A04003
460,C02125-A04003,C02125,C2OHMIM,A04003,TfO OR TFMS,333.15,15.26,0.340704346643941,Isochoric Saturation Method,7,C02125-A04003
461,C02125-A04003,C02125,C2OHMIM,A04003,TfO OR TFMS,333.15,18.39,0.37956908591293,Isochoric Saturation Method,7,C02125-A04003
462,C02125-A04003,C02125,C2OHMIM,A04003,TfO OR TFMS,343.15,1.472,0.0385068395815966,Isochoric Saturation Method,7,C02125-A04003
463,C02125-A04003,C02125,C2OHMIM,A04003,TfO OR TFMS,343.15,3.58,0.0902108691051805,Isochoric Saturation Method,7,C02125-A04003
464,C02125-A04003,C02125,C2OHMIM,A04003,TfO OR TFMS,343.15,5.678,0.137460653111343,Isochoric Saturation Method,7,C02125-A04003
465,C02125-A04003,C02125,C2OHMIM,A04003,TfO OR TFMS,343.15,8.6,0.196245372784611,Isochoric Saturation Method,7,C02125-A04003
466,C02125-A04003,C02125,C2OHMIM,A04003,TfO OR TFMS,343.15,11.98,0.25404008161995,Isochoric Saturation Method,7,C02125-A04003
467,C02125-A04003,C02125,C2OHMIM,A04003,TfO OR TFMS,343.15,16.45,0.316044114060314,Isochoric Saturation Method,7,C02125-A04003
468,C02125-A04003,C02125,C2OHMIM,A04003,TfO OR TFMS,353.15,1.561,0.035689888668469,Isochoric Saturation Method,7,C02125-A04003
469,C02125-A04003,C02125,C2OHMIM,A04003,TfO OR TFMS,353.15,3.805,0.0837642848019767,Isochoric Saturation Method,7,C02125-A04003
470,C02125-A04003,C02125,C2OHMIM,A04003,TfO OR TFMS,353.15,6.036,0.127693464504975,Isochoric Saturation Method,7,C02125-A04003
471,C02125-A04003,C02125,C2OHMIM,A04003,TfO OR TFMS,353.15,9.145,0.182451885658375,Isochoric Saturation Method,7,C02125-A04003
472,C02125-A04003,C02125,C2OHMIM,A04003,TfO OR TFMS,353.15,12.77,0.236580847157073,Isochoric Saturation Method,7,C02125-A04003
473,C02125-A04003,C02125,C2OHMIM,A04003,TfO OR TFMS,353.15,17.56,0.294726969767625,Isochoric Saturation Method,7,C02125-A04003
474,C02021-A05001,C02021,C6MIm or HMIM,A05001,PF6,303.15,1.38,0.067,Isochoric Saturation Method,8,C02021-A05001
475,C02021-A05001,C02021,C6MIm or HMIM,A05001,PF6,303.15,2.22,0.113,Isochoric Saturation Method,8,C02021-A05001
476,C02021-A05001,C02021,C6MIm or HMIM,A05001,PF6,303.15,3.1,0.166,Isochoric Saturation Method,8,C02021-A05001
477,C02021-A05001,C02021,C6MIm or HMIM,A05001,PF6,303.15,4.62,0.244,Isochoric Saturation Method,8,C02021-A05001
478,C02021-A05001,C02021,C6MIm or HMIM,A05001,PF6,303.15,5.72,0.296,Isochoric Saturation Method,8,C02021-A05001
479,C02021-A05001,C02021,C6MIm or HMIM,A05001,PF6,303.15,6.85,0.345,Isochoric Saturation Method,8,C02021-A05001
480,C02021-A05001,C02021,C6MIm or HMIM,A05001,PF6,303.15,8.09,0.396,Isochoric Saturation Method,8,C02021-A05001
481,C02021-A05001,C02021,C6MIm or HMIM,A05001,PF6,303.15,9.17,0.441,Isochoric Saturation Method,8,C02021-A05001
482,C02021-A05001,C02021,C6MIm or HMIM,A05001,PF6,313.15,1.56,0.063,Isochoric Saturation Method,8,C02021-A05001
483,C02021-A05001,C02021,C6MIm or HMIM,A05001,PF6,313.15,2.51,0.108,Isochoric Saturation Method,8,C02021-A05001
484,C02021-A05001,C02021,C6MIm or HMIM,A05001,PF6,313.15,3.54,0.159,Isochoric Saturation Method,8,C02021-A05001
485,C02021-A05001,C02021,C6MIm or HMIM,A05001,PF6,313.15,5.36,0.233,Isochoric Saturation Method,8,C02021-A05001
486,C02021-A05001,C02021,C6MIm or HMIM,A05001,PF6,313.15,6.65,0.284,Isochoric Saturation Method,8,C02021-A05001
487,C02021-A05001,C02021,C6MIm or HMIM,A05001,PF6,313.15,7.99,0.333,Isochoric Saturation Method,8,C02021-A05001
488,C02021-A05001,C02021,C6MIm or HMIM,A05001,PF6,313.15,9.44,0.383,Isochoric Saturation Method,8,C02021-A05001
489,C02021-A05001,C02021,C6MIm or HMIM,A05001,PF6,313.15,10.7,0.428,Isochoric Saturation Method,8,C02021-A05001
490,C02021-A05001,C02021,C6MIm or HMIM,A05001,PF6,323.15,1.78,0.058,Isochoric Saturation Method,8,C02021-A05001
491,C02021-A05001,C02021,C6MIm or HMIM,A05001,PF6,323.15,2.86,0.101,Isochoric Saturation Method,8,C02021-A05001
492,C02021-A05001,C02021,C6MIm or HMIM,A05001,PF6,323.15,4.08,0.149,Isochoric Saturation Method,8,C02021-A05001
493,C02021-A05001,C02021,C6MIm or HMIM,A05001,PF6,323.15,6.11,0.222,Isochoric Saturation Method,8,C02021-A05001
494,C02021-A05001,C02021,C6MIm or HMIM,A05001,PF6,323.15,7.61,0.271,Isochoric Saturation Method,8,C02021-A05001
495,C02021-A05001,C02021,C6MIm or HMIM,A05001,PF6,323.15,9.17,0.319,Isochoric Saturation Method,8,C02021-A05001
496,C02021-A05001,C02021,C6MIm or HMIM,A05001,PF6,323.15,10.9,0.37,Isochoric Saturation Method,8,C02021-A05001
497,C02021-A05001,C02021,C6MIm or HMIM,A05001,PF6,333.15,1.99,0.054,Isochoric Saturation Method,8,C02021-A05001
498,C02021-A05001,C02021,C6MIm or HMIM,A05001,PF6,333.15,3.21,0.094,Isochoric Saturation Method,8,C02021-A05001
499,C02021-A05001,C02021,C6MIm or HMIM,A05001,PF6,333.15,4.58,0.141,Isochoric Saturation Method,8,C02021-A05001
500,C02021-A05001,C02021,C6MIm or HMIM,A05001,PF6,333.15,6.89,0.211,Isochoric Saturation Method,8,C02021-A05001
501,C02021-A05001,C02021,C6MIm or HMIM,A05001,PF6,333.15,8.6,0.259,Isochoric Saturation Method,8,C02021-A05001
502,C02021-A05001,C02021,C6MIm or HMIM,A05001,PF6,333.15,10.4,0.306,Isochoric Saturation Method,8,C02021-A05001
503,C02021-A05001,C02021,C6MIm or HMIM,A05001,PF6,343.15,2.2,0.05,Isochoric Saturation Method,8,C02021-A05001
504,C02021-A05001,C02021,C6MIm or HMIM,A05001,PF6,343.15,3.55,0.088,Isochoric Saturation Method,8,C02021-A05001
505,C02021-A05001,C02021,C6MIm or HMIM,A05001,PF6,343.15,5.08,0.133,Isochoric Saturation Method,8,C02021-A05001
506,C02021-A05001,C02021,C6MIm or HMIM,A05001,PF6,343.15,7.55,0.203,Isochoric Saturation Method,8,C02021-A05001
507,C02021-A05001,C02021,C6MIm or HMIM,A05001,PF6,343.15,9.57,0.247,Isochoric Saturation Method,8,C02021-A05001
508,C02021-A02001,C02021,C6MIm or HMIM,A02001,BF4,303.15,1.11,0.072,Isochoric Saturation Method,8,C02021-A02001
509,C02021-A02001,C02021,C6MIm or HMIM,A02001,BF4,303.15,1.96,0.144,Isochoric Saturation Method,8,C02021-A02001
510,C02021-A02001,C02021,C6MIm or HMIM,A02001,BF4,303.15,3.27,0.233,Isochoric Saturation Method,8,C02021-A02001
511,C02021-A02001,C02021,C6MIm or HMIM,A02001,BF4,303.15,4.31,0.303,Isochoric Saturation Method,8,C02021-A02001
512,C02021-A02001,C02021,C6MIm or HMIM,A02001,BF4,303.15,5.99,0.38,Isochoric Saturation Method,8,C02021-A02001
513,C02021-A02001,C02021,C6MIm or HMIM,A02001,BF4,303.15,7.33,0.441,Isochoric Saturation Method,8,C02021-A02001
514,C02021-A02001,C02021,C6MIm or HMIM,A02001,BF4,303.15,7.92,0.469,Isochoric Saturation Method,8,C02021-A02001
515,C02021-A02001,C02021,C6MIm or HMIM,A02001,BF4,303.15,8.73,0.499,Isochoric Saturation Method,8,C02021-A02001
516,C02021-A02001,C02021,C6MIm or HMIM,A02001,BF4,313.15,1.27,0.07,Isochoric Saturation Method,8,C02021-A02001
517,C02021-A02001,C02021,C6MIm or HMIM,A02001,BF4,313.15,2.3,0.139,Isochoric Saturation Method,8,C02021-A02001
518,C02021-A02001,C02021,C6MIm or HMIM,A02001,BF4,313.15,3.85,0.226,Isochoric Saturation Method,8,C02021-A02001
519,C02021-A02001,C02021,C6MIm or HMIM,A02001,BF4,313.15,5.09,0.295,Isochoric Saturation Method,8,C02021-A02001
520,C02021-A02001,C02021,C6MIm or HMIM,A02001,BF4,313.15,7.09,0.371,Isochoric Saturation Method,8,C02021-A02001
521,C02021-A02001,C02021,C6MIm or HMIM,A02001,BF4,313.15,8.72,0.433,Isochoric Saturation Method,8,C02021-A02001
522,C02021-A02001,C02021,C6MIm or HMIM,A02001,BF4,313.15,9.43,0.46,Isochoric Saturation Method,8,C02021-A02001
523,C02021-A02001,C02021,C6MIm or HMIM,A02001,BF4,313.15,10.4,0.491,Isochoric Saturation Method,8,C02021-A02001
524,C02021-A02001,C02021,C6MIm or HMIM,A02001,BF4,323.15,1.46,0.066,Isochoric Saturation Method,8,C02021-A02001
525,C02021-A02001,C02021,C6MIm or HMIM,A02001,BF4,323.15,2.66,0.134,Isochoric Saturation Method,8,C02021-A02001
526,C02021-A02001,C02021,C6MIm or HMIM,A02001,BF4,323.15,4.46,0.219,Isochoric Saturation Method,8,C02021-A02001
527,C02021-A02001,C02021,C6MIm or HMIM,A02001,BF4,323.15,5.91,0.288,Isochoric Saturation Method,8,C02021-A02001
528,C02021-A02001,C02021,C6MIm or HMIM,A02001,BF4,323.15,8.25,0.363,Isochoric Saturation Method,8,C02021-A02001
529,C02021-A02001,C02021,C6MIm or HMIM,A02001,BF4,323.15,10.2,0.424,Isochoric Saturation Method,8,C02021-A02001
530,C02021-A02001,C02021,C6MIm or HMIM,A02001,BF4,323.15,11.0,0.451,Isochoric Saturation Method,8,C02021-A02001
531,C02021-A02001,C02021,C6MIm or HMIM,A02001,BF4,333.15,1.66,0.063,Isochoric Saturation Method,8,C02021-A02001
532,C02021-A02001,C02021,C6MIm or HMIM,A02001,BF4,333.15,3.03,0.129,Isochoric Saturation Method,8,C02021-A02001
533,C02021-A02001,C02021,C6MIm or HMIM,A02001,BF4,333.15,5.1,0.212,Isochoric Saturation Method,8,C02021-A02001
534,C02021-A02001,C02021,C6MIm or HMIM,A02001,BF4,333.15,6.77,0.28,Isochoric Saturation Method,8,C02021-A02001
535,C02021-A02001,C02021,C6MIm or HMIM,A02001,BF4,333.15,9.47,0.354,Isochoric Saturation Method,8,C02021-A02001
536,C02021-A02001,C02021,C6MIm or HMIM,A02001,BF4,343.15,1.87,0.06,Isochoric Saturation Method,8,C02021-A02001
537,C02021-A02001,C02021,C6MIm or HMIM,A02001,BF4,343.15,3.42,0.124,Isochoric Saturation Method,8,C02021-A02001
538,C02021-A02001,C02021,C6MIm or HMIM,A02001,BF4,343.15,5.76,0.205,Isochoric Saturation Method,8,C02021-A02001
539,C02021-A02001,C02021,C6MIm or HMIM,A02001,BF4,343.15,7.65,0.272,Isochoric Saturation Method,8,C02021-A02001
540,C02021-A02001,C02021,C6MIm or HMIM,A02001,BF4,343.15,10.7,0.345,Isochoric Saturation Method,8,C02021-A02001
541,C02021-A03001,C02021,C6MIm or HMIM,A03001,TFSI or NTf2,303.15,0.685,0.0539,Isochoric Saturation Method,9,C02021-A03001
542,C02021-A03001,C02021,C6MIm or HMIM,A03001,TFSI or NTf2,303.15,1.466,0.1118,Isochoric Saturation Method,9,C02021-A03001
543,C02021-A03001,C02021,C6MIm or HMIM,A03001,TFSI or NTf2,303.15,2.276,0.1679,Isochoric Saturation Method,9,C02021-A03001
544,C02021-A03001,C02021,C6MIm or HMIM,A03001,TFSI or NTf2,303.15,3.15,0.2245,Isochoric Saturation Method,9,C02021-A03001
545,C02021-A03001,C02021,C6MIm or HMIM,A03001,TFSI or NTf2,303.15,4.863,0.324,Isochoric Saturation Method,9,C02021-A03001
546,C02021-A03001,C02021,C6MIm or HMIM,A03001,TFSI or NTf2,303.15,7.703,0.4563,Isochoric Saturation Method,9,C02021-A03001
547,C02021-A03001,C02021,C6MIm or HMIM,A03001,TFSI or NTf2,303.15,8.705,0.4998,Isochoric Saturation Method,9,C02021-A03001
548,C02021-A03001,C02021,C6MIm or HMIM,A03001,TFSI or NTf2,303.15,10.105,0.5517,Isochoric Saturation Method,9,C02021-A03001
549,C02021-A03001,C02021,C6MIm or HMIM,A03001,TFSI or NTf2,303.15,11.789,0.6078,Isochoric Saturation Method,9,C02021-A03001
550,C02021-A03001,C02021,C6MIm or HMIM,A03001,TFSI or NTf2,303.15,13.578,0.6619,Isochoric Saturation Method,9,C02021-A03001
551,C02021-A03001,C02021,C6MIm or HMIM,A03001,TFSI or NTf2,303.15,15.043,0.7012,Isochoric Saturation Method,9,C02021-A03001
552,C02021-A03001,C02021,C6MIm or HMIM,A03001,TFSI or NTf2,313.15,0.767,0.0503,Isochoric Saturation Method,9,C02021-A03001
553,C02021-A03001,C02021,C6MIm or HMIM,A03001,TFSI or NTf2,313.15,1.637,0.104,Isochoric Saturation Method,9,C02021-A03001
554,C02021-A03001,C02021,C6MIm or HMIM,A03001,TFSI or NTf2,313.15,2.543,0.1554,Isochoric Saturation Method,9,C02021-A03001
555,C02021-A03001,C02021,C6MIm or HMIM,A03001,TFSI or NTf2,313.15,3.532,0.21,Isochoric Saturation Method,9,C02021-A03001
556,C02021-A03001,C02021,C6MIm or HMIM,A03001,TFSI or NTf2,313.15,5.459,0.3039,Isochoric Saturation Method,9,C02021-A03001
557,C02021-A03001,C02021,C6MIm or HMIM,A03001,TFSI or NTf2,313.15,8.737,0.4325,Isochoric Saturation Method,9,C02021-A03001
558,C02021-A03001,C02021,C6MIm or HMIM,A03001,TFSI or NTf2,313.15,9.91,0.4757,Isochoric Saturation Method,9,C02021-A03001
559,C02021-A03001,C02021,C6MIm or HMIM,A03001,TFSI or NTf2,313.15,11.549,0.5277,Isochoric Saturation Method,9,C02021-A03001
560,C02021-A03001,C02021,C6MIm or HMIM,A03001,TFSI or NTf2,313.15,13.568,0.584,Isochoric Saturation Method,9,C02021-A03001
561,C02021-A03001,C02021,C6MIm or HMIM,A03001,TFSI or NTf2,313.15,15.74,0.6477,Isochoric Saturation Method,9,C02021-A03001
562,C02021-A03001,C02021,C6MIm or HMIM,A03001,TFSI or NTf2,323.15,0.846,0.0442,Isochoric Saturation Method,9,C02021-A03001
563,C02021-A03001,C02021,C6MIm or HMIM,A03001,TFSI or NTf2,323.15,1.805,0.0962,Isochoric Saturation Method,9,C02021-A03001
564,C02021-A03001,C02021,C6MIm or HMIM,A03001,TFSI or NTf2,323.15,2.804,0.1438,Isochoric Saturation Method,9,C02021-A03001
565,C02021-A03001,C02021,C6MIm or HMIM,A03001,TFSI or NTf2,323.15,3.904,0.1957,Isochoric Saturation Method,9,C02021-A03001
566,C02021-A03001,C02021,C6MIm or HMIM,A03001,TFSI or NTf2,323.15,6.039,0.2846,Isochoric Saturation Method,9,C02021-A03001
567,C02021-A03001,C02021,C6MIm or HMIM,A03001,TFSI or NTf2,323.15,9.748,0.4093,Isochoric Saturation Method,9,C02021-A03001
568,C02021-A03001,C02021,C6MIm or HMIM,A03001,TFSI or NTf2,323.15,11.091,0.4518,Isochoric Saturation Method,9,C02021-A03001
569,C02021-A03001,C02021,C6MIm or HMIM,A03001,TFSI or NTf2,323.15,12.967,0.5036,Isochoric Saturation Method,9,C02021-A03001
570,C02021-A03001,C02021,C6MIm or HMIM,A03001,TFSI or NTf2,323.15,15.317,0.5598,Isochoric Saturation Method,9,C02021-A03001
571,C02021-A03001,C02021,C6MIm or HMIM,A03001,TFSI or NTf2,333.15,0.924,0.0421,Isochoric Saturation Method,9,C02021-A03001
572,C02021-A03001,C02021,C6MIm or HMIM,A03001,TFSI or NTf2,333.15,1.966,0.0887,Isochoric Saturation Method,9,C02021-A03001
573,C02021-A03001,C02021,C6MIm or HMIM,A03001,TFSI or NTf2,333.15,3.056,0.1332,Isochoric Saturation Method,9,C02021-A03001
574,C02021-A03001,C02021,C6MIm or HMIM,A03001,TFSI or NTf2,333.15,4.262,0.1821,Isochoric Saturation Method,9,C02021-A03001
575,C02021-A03001,C02021,C6MIm or HMIM,A03001,TFSI or NTf2,333.15,6.605,0.2616,Isochoric Saturation Method,9,C02021-A03001
576,C02021-A03001,C02021,C6MIm or HMIM,A03001,TFSI or NTf2,333.15,10.726,0.387,Isochoric Saturation Method,9,C02021-A03001
577,C02021-A03001,C02021,C6MIm or HMIM,A03001,TFSI or NTf2,333.15,12.235,0.4288,Isochoric Saturation Method,9,C02021-A03001
578,C02021-A03001,C02021,C6MIm or HMIM,A03001,TFSI or NTf2,333.15,14.352,0.4798,Isochoric Saturation Method,9,C02021-A03001
579,C02021-A03001,C02021,C6MIm or HMIM,A03001,TFSI or NTf2,333.15,17.012,0.5359,Isochoric Saturation Method,9,C02021-A03001
580,C02021-A03001,C02021,C6MIm or HMIM,A03001,TFSI or NTf2,343.15,0.999,0.0391,Isochoric Saturation Method,9,C02021-A03001
581,C02021-A03001,C02021,C6MIm or HMIM,A03001,TFSI or NTf2,343.15,2.123,0.0819,Isochoric Saturation Method,9,C02021-A03001
582,C02021-A03001,C02021,C6MIm or HMIM,A03001,TFSI or NTf2,343.15,3.299,0.1236,Isochoric Saturation Method,9,C02021-A03001
583,C02021-A03001,C02021,C6MIm or HMIM,A03001,TFSI or NTf2,343.15,4.609,0.167,Isochoric Saturation Method,9,C02021-A03001
584,C02021-A03001,C02021,C6MIm or HMIM,A03001,TFSI or NTf2,343.15,7.147,0.2452,Isochoric Saturation Method,9,C02021-A03001
585,C02021-A03001,C02021,C6MIm or HMIM,A03001,TFSI or NTf2,343.15,11.665,0.3662,Isochoric Saturation Method,9,C02021-A03001
586,C02021-A03001,C02021,C6MIm or HMIM,A03001,TFSI or NTf2,343.15,13.339,0.4069,Isochoric Saturation Method,9,C02021-A03001
587,C02021-A03001,C02021,C6MIm or HMIM,A03001,TFSI or NTf2,343.15,15.683,0.4571,Isochoric Saturation Method,9,C02021-A03001
588,C02021-A03001,C02021,C6MIm or HMIM,A03001,TFSI or NTf2,343.15,18.633,0.5131,Isochoric Saturation Method,9,C02021-A03001
589,C02021-A03001,C02021,C6MIm or HMIM,A03001,TFSI or NTf2,353.15,1.073,0.0368,Isochoric Saturation Method,9,C02021-A03001
590,C02021-A03001,C02021,C6MIm or HMIM,A03001,TFSI or NTf2,353.15,2.271,0.0761,Isochoric Saturation Method,9,C02021-A03001
591,C02021-A03001,C02021,C6MIm or HMIM,A03001,TFSI or NTf2,353.15,3.532,0.1151,Isochoric Saturation Method,9,C02021-A03001
592,C02021-A03001,C02021,C6MIm or HMIM,A03001,TFSI or NTf2,353.15,4.942,0.1567,Isochoric Saturation Method,9,C02021-A03001
593,C02021-A03001,C02021,C6MIm or HMIM,A03001,TFSI or NTf2,353.15,7.668,0.2298,Isochoric Saturation Method,9,C02021-A03001
594,C02021-A03001,C02021,C6MIm or HMIM,A03001,TFSI or NTf2,353.15,12.57,0.3469,Isochoric Saturation Method,9,C02021-A03001
595,C02021-A03001,C02021,C6MIm or HMIM,A03001,TFSI or NTf2,353.15,14.391,0.3868,Isochoric Saturation Method,9,C02021-A03001
596,C02021-A03001,C02021,C6MIm or HMIM,A03001,TFSI or NTf2,353.15,16.95,0.4363,Isochoric Saturation Method,9,C02021-A03001
597,C02021-A03001,C02021,C6MIm or HMIM,A03001,TFSI or NTf2,353.15,20.168,0.4922,Isochoric Saturation Method,9,C02021-A03001
598,C02021-A03001,C02021,C6MIm or HMIM,A03001,TFSI or NTf2,303.15,0.974,0.044,Isochoric Saturation Method,8,C02021-A03001
599,C02021-A03001,C02021,C6MIm or HMIM,A03001,TFSI or NTf2,303.15,1.61,0.092,Isochoric Saturation Method,8,C02021-A03001
600,C02021-A03001,C02021,C6MIm or HMIM,A03001,TFSI or NTf2,303.15,2.3,0.141,Isochoric Saturation Method,8,C02021-A03001
601,C02021-A03001,C02021,C6MIm or HMIM,A03001,TFSI or NTf2,303.15,4.38,0.257,Isochoric Saturation Method,8,C02021-A03001
602,C02021-A03001,C02021,C6MIm or HMIM,A03001,TFSI or NTf2,303.15,6.12,0.371,Isochoric Saturation Method,8,C02021-A03001
603,C02021-A03001,C02021,C6MIm or HMIM,A03001,TFSI or NTf2,303.15,7.8,0.464,Isochoric Saturation Method,8,C02021-A03001
604,C02021-A03001,C02021,C6MIm or HMIM,A03001,TFSI or NTf2,303.15,8.75,0.533,Isochoric Saturation Method,8,C02021-A03001
605,C02021-A03001,C02021,C6MIm or HMIM,A03001,TFSI or NTf2,313.15,1.13,0.04,Isochoric Saturation Method,8,C02021-A03001
606,C02021-A03001,C02021,C6MIm or HMIM,A03001,TFSI or NTf2,313.15,1.87,0.085,Isochoric Saturation Method,8,C02021-A03001
607,C02021-A03001,C02021,C6MIm or HMIM,A03001,TFSI or NTf2,313.15,2.66,0.133,Isochoric Saturation Method,8,C02021-A03001
608,C02021-A03001,C02021,C6MIm or HMIM,A03001,TFSI or NTf2,313.15,5.1,0.246,Isochoric Saturation Method,8,C02021-A03001
609,C02021-A03001,C02021,C6MIm or HMIM,A03001,TFSI or NTf2,313.15,7.16,0.359,Isochoric Saturation Method,8,C02021-A03001
610,C02021-A03001,C02021,C6MIm or HMIM,A03001,TFSI or NTf2,313.15,9.13,0.453,Isochoric Saturation Method,8,C02021-A03001
611,C02021-A03001,C02021,C6MIm or HMIM,A03001,TFSI or NTf2,313.15,10.3,0.524,Isochoric Saturation Method,8,C02021-A03001
612,C02021-A03001,C02021,C6MIm or HMIM,A03001,TFSI or NTf2,323.15,1.29,0.036,Isochoric Saturation Method,8,C02021-A03001
613,C02021-A03001,C02021,C6MIm or HMIM,A03001,TFSI or NTf2,323.15,2.13,0.079,Isochoric Saturation Method,8,C02021-A03001
614,C02021-A03001,C02021,C6MIm or HMIM,A03001,TFSI or NTf2,323.15,3.03,0.126,Isochoric Saturation Method,8,C02021-A03001
615,C02021-A03001,C02021,C6MIm or HMIM,A03001,TFSI or NTf2,323.15,5.83,0.234,Isochoric Saturation Method,8,C02021-A03001
616,C02021-A03001,C02021,C6MIm or HMIM,A03001,TFSI or NTf2,323.15,8.21,0.347,Isochoric Saturation Method,8,C02021-A03001
617,C02021-A03001,C02021,C6MIm or HMIM,A03001,TFSI or NTf2,323.15,10.5,0.442,Isochoric Saturation Method,8,C02021-A03001
618,C02021-A03001,C02021,C6MIm or HMIM,A03001,TFSI or NTf2,333.15,1.45,0.032,Isochoric Saturation Method,8,C02021-A03001
619,C02021-A03001,C02021,C6MIm or HMIM,A03001,TFSI or NTf2,333.15,2.4,0.074,Isochoric Saturation Method,8,C02021-A03001
620,C02021-A03001,C02021,C6MIm or HMIM,A03001,TFSI or NTf2,333.15,3.42,0.118,Isochoric Saturation Method,8,C02021-A03001
621,C02021-A03001,C02021,C6MIm or HMIM,A03001,TFSI or NTf2,333.15,6.58,0.223,Isochoric Saturation Method,8,C02021-A03001
622,C02021-A03001,C02021,C6MIm or HMIM,A03001,TFSI or NTf2,333.15,9.29,0.335,Isochoric Saturation Method,8,C02021-A03001
623,C02021-A03001,C02021,C6MIm or HMIM,A03001,TFSI or NTf2,343.15,1.61,0.029,Isochoric Saturation Method,8,C02021-A03001
624,C02021-A03001,C02021,C6MIm or HMIM,A03001,TFSI or NTf2,343.15,2.67,0.068,Isochoric Saturation Method,8,C02021-A03001
625,C02021-A03001,C02021,C6MIm or HMIM,A03001,TFSI or NTf2,343.15,3.8,0.111,Isochoric Saturation Method,8,C02021-A03001
626,C02021-A03001,C02021,C6MIm or HMIM,A03001,TFSI or NTf2,343.15,7.33,0.212,Isochoric Saturation Method,8,C02021-A03001
627,C02021-A03001,C02021,C6MIm or HMIM,A03001,TFSI or NTf2,343.15,10.4,0.322,Isochoric Saturation Method,8,C02021-A03001
628,C02029-A05001,C02029,C8MIm,A05001,PF6,303.15,0.845,0.0672,Isochoric Saturation Method,10,C02029-A05001
629,C02029-A05001,C02029,C8MIm,A05001,PF6,303.15,1.923,0.1408,Isochoric Saturation Method,10,C02029-A05001
630,C02029-A05001,C02029,C8MIm,A05001,PF6,303.15,3.268,0.2412,Isochoric Saturation Method,10,C02029-A05001
631,C02029-A05001,C02029,C8MIm,A05001,PF6,303.15,4.885,0.3366,Isochoric Saturation Method,10,C02029-A05001
632,C02029-A05001,C02029,C8MIm,A05001,PF6,303.15,6.542,0.4138,Isochoric Saturation Method,10,C02029-A05001
633,C02029-A05001,C02029,C8MIm,A05001,PF6,303.15,9.002,0.5087,Isochoric Saturation Method,10,C02029-A05001
634,C02029-A05001,C02029,C8MIm,A05001,PF6,303.15,11.117,0.5905,Isochoric Saturation Method,10,C02029-A05001
635,C02029-A05001,C02029,C8MIm,A05001,PF6,303.15,13.165,0.6501,Isochoric Saturation Method,10,C02029-A05001
636,C02029-A05001,C02029,C8MIm,A05001,PF6,303.15,15.749,0.6972,Isochoric Saturation Method,10,C02029-A05001
637,C02029-A05001,C02029,C8MIm,A05001,PF6,313.15,0.944,0.0623,Isochoric Saturation Method,10,C02029-A05001
638,C02029-A05001,C02029,C8MIm,A05001,PF6,313.15,2.125,0.1327,Isochoric Saturation Method,10,C02029-A05001
639,C02029-A05001,C02029,C8MIm,A05001,PF6,313.15,3.65,0.2284,Isochoric Saturation Method,10,C02029-A05001
640,C02029-A05001,C02029,C8MIm,A05001,PF6,313.15,5.527,0.3189,Isochoric Saturation Method,10,C02029-A05001
641,C02029-A05001,C02029,C8MIm,A05001,PF6,313.15,7.401,0.3949,Isochoric Saturation Method,10,C02029-A05001
642,C02029-A05001,C02029,C8MIm,A05001,PF6,313.15,10.261,0.488,Isochoric Saturation Method,10,C02029-A05001
643,C02029-A05001,C02029,C8MIm,A05001,PF6,313.15,12.811,0.5584,Isochoric Saturation Method,10,C02029-A05001
644,C02029-A05001,C02029,C8MIm,A05001,PF6,313.15,15.274,0.62,Isochoric Saturation Method,10,C02029-A05001
645,C02029-A05001,C02029,C8MIm,A05001,PF6,313.15,18.618,0.675,Isochoric Saturation Method,10,C02029-A05001
646,C02029-A05001,C02029,C8MIm,A05001,PF6,323.15,1.037,0.0591,Isochoric Saturation Method,10,C02029-A05001
647,C02029-A05001,C02029,C8MIm,A05001,PF6,323.15,2.344,0.126,Isochoric Saturation Method,10,C02029-A05001
648,C02029-A05001,C02029,C8MIm,A05001,PF6,323.15,4.049,0.2152,Isochoric Saturation Method,10,C02029-A05001
649,C02029-A05001,C02029,C8MIm,A05001,PF6,323.15,6.151,0.3022,Isochoric Saturation Method,10,C02029-A05001
650,C02029-A05001,C02029,C8MIm,A05001,PF6,323.15,8.262,0.3761,Isochoric Saturation Method,10,C02029-A05001
651,C02029-A05001,C02029,C8MIm,A05001,PF6,323.15,11.543,0.4666,Isochoric Saturation Method,10,C02029-A05001
652,C02029-A05001,C02029,C8MIm,A05001,PF6,323.15,14.501,0.5361,Isochoric Saturation Method,10,C02029-A05001
653,C02029-A05001,C02029,C8MIm,A05001,PF6,323.15,17.415,0.5977,Isochoric Saturation Method,10,C02029-A05001
654,C02029-A05001,C02029,C8MIm,A05001,PF6,333.15,1.114,0.0522,Isochoric Saturation Method,10,C02029-A05001
655,C02029-A05001,C02029,C8MIm,A05001,PF6,333.15,2.515,0.1185,Isochoric Saturation Method,10,C02029-A05001
656,C02029-A05001,C02029,C8MIm,A05001,PF6,333.15,4.432,0.2033,Isochoric Saturation Method,10,C02029-A05001
657,C02029-A05001,C02029,C8MIm,A05001,PF6,333.15,6.76,0.2865,Isochoric Saturation Method,10,C02029-A05001
658,C02029-A05001,C02029,C8MIm,A05001,PF6,333.15,9.101,0.3585,Isochoric Saturation Method,10,C02029-A05001
659,C02029-A05001,C02029,C8MIm,A05001,PF6,333.15,12.781,0.4461,Isochoric Saturation Method,10,C02029-A05001
660,C02029-A05001,C02029,C8MIm,A05001,PF6,333.15,16.137,0.5143,Isochoric Saturation Method,10,C02029-A05001
661,C02029-A05001,C02029,C8MIm,A05001,PF6,333.15,19.584,0.574,Isochoric Saturation Method,10,C02029-A05001
662,C02029-A05001,C02029,C8MIm,A05001,PF6,343.15,1.157,0.0516,Isochoric Saturation Method,10,C02029-A05001
663,C02029-A05001,C02029,C8MIm,A05001,PF6,343.15,2.676,0.1138,Isochoric Saturation Method,10,C02029-A05001
664,C02029-A05001,C02029,C8MIm,A05001,PF6,343.15,4.803,0.1921,Isochoric Saturation Method,10,C02029-A05001
665,C02029-A05001,C02029,C8MIm,A05001,PF6,343.15,7.345,0.2717,Isochoric Saturation Method,10,C02029-A05001
666,C02029-A05001,C02029,C8MIm,A05001,PF6,343.15,9.912,0.341,Isochoric Saturation Method,10,C02029-A05001
667,C02029-A05001,C02029,C8MIm,A05001,PF6,343.15,13.997,0.4253,Isochoric Saturation Method,10,C02029-A05001
668,C02029-A05001,C02029,C8MIm,A05001,PF6,343.15,17.702,0.4928,Isochoric Saturation Method,10,C02029-A05001
669,C02029-A05001,C02029,C8MIm,A05001,PF6,353.15,1.239,0.0463,Isochoric Saturation Method,10,C02029-A05001
670,C02029-A05001,C02029,C8MIm,A05001,PF6,353.15,2.869,0.1027,Isochoric Saturation Method,10,C02029-A05001
671,C02029-A05001,C02029,C8MIm,A05001,PF6,353.15,5.156,0.1749,Isochoric Saturation Method,10,C02029-A05001
672,C02029-A05001,C02029,C8MIm,A05001,PF6,353.15,7.902,0.2539,Isochoric Saturation Method,10,C02029-A05001
673,C02029-A05001,C02029,C8MIm,A05001,PF6,353.15,10.693,0.3188,Isochoric Saturation Method,10,C02029-A05001
674,C02029-A05001,C02029,C8MIm,A05001,PF6,353.15,15.141,0.403,Isochoric Saturation Method,10,C02029-A05001
675,C02029-A05001,C02029,C8MIm,A05001,PF6,353.15,19.226,0.4672,Isochoric Saturation Method,10,C02029-A05001
676,C02029-A03001,C02029,C8MIm,A03001,TFSI or NTf2,303.15,0.935,0.0807,Isochoric Saturation Method,9,C02029-A03001
677,C02029-A03001,C02029,C8MIm,A03001,TFSI or NTf2,303.15,2.007,0.1672,Isochoric Saturation Method,9,C02029-A03001
678,C02029-A03001,C02029,C8MIm,A03001,TFSI or NTf2,303.15,3.456,0.2744,Isochoric Saturation Method,9,C02029-A03001
679,C02029-A03001,C02029,C8MIm,A03001,TFSI or NTf2,303.15,5.132,0.384,Isochoric Saturation Method,9,C02029-A03001
680,C02029-A03001,C02029,C8MIm,A03001,TFSI or NTf2,303.15,6.824,0.4753,Isochoric Saturation Method,9,C02029-A03001
681,C02029-A03001,C02029,C8MIm,A03001,TFSI or NTf2,303.15,8.714,0.5556,Isochoric Saturation Method,9,C02029-A03001
682,C02029-A03001,C02029,C8MIm,A03001,TFSI or NTf2,303.15,10.755,0.6222,Isochoric Saturation Method,9,C02029-A03001
683,C02029-A03001,C02029,C8MIm,A03001,TFSI or NTf2,303.15,13.654,0.7045,Isochoric Saturation Method,9,C02029-A03001
684,C02029-A03001,C02029,C8MIm,A03001,TFSI or NTf2,303.15,15.087,0.7355,Isochoric Saturation Method,9,C02029-A03001
685,C02029-A03001,C02029,C8MIm,A03001,TFSI or NTf2,313.15,1.025,0.077,Isochoric Saturation Method,9,C02029-A03001
686,C02029-A03001,C02029,C8MIm,A03001,TFSI or NTf2,313.15,2.206,0.1599,Isochoric Saturation Method,9,C02029-A03001
687,C02029-A03001,C02029,C8MIm,A03001,TFSI or NTf2,313.15,3.815,0.2626,Isochoric Saturation Method,9,C02029-A03001
688,C02029-A03001,C02029,C8MIm,A03001,TFSI or NTf2,313.15,5.686,0.3674,Isochoric Saturation Method,9,C02029-A03001
689,C02029-A03001,C02029,C8MIm,A03001,TFSI or NTf2,313.15,7.593,0.4521,Isochoric Saturation Method,9,C02029-A03001
690,C02029-A03001,C02029,C8MIm,A03001,TFSI or NTf2,313.15,9.757,0.5317,Isochoric Saturation Method,9,C02029-A03001
691,C02029-A03001,C02029,C8MIm,A03001,TFSI or NTf2,313.15,12.116,0.5982,Isochoric Saturation Method,9,C02029-A03001
692,C02029-A03001,C02029,C8MIm,A03001,TFSI or NTf2,313.15,15.558,0.6673,Isochoric Saturation Method,9,C02029-A03001
693,C02029-A03001,C02029,C8MIm,A03001,TFSI or NTf2,323.15,1.111,0.0719,Isochoric Saturation Method,9,C02029-A03001
694,C02029-A03001,C02029,C8MIm,A03001,TFSI or NTf2,323.15,2.394,0.1497,Isochoric Saturation Method,9,C02029-A03001
695,C02029-A03001,C02029,C8MIm,A03001,TFSI or NTf2,323.15,4.153,0.2472,Isochoric Saturation Method,9,C02029-A03001
696,C02029-A03001,C02029,C8MIm,A03001,TFSI or NTf2,323.15,6.197,0.3473,Isochoric Saturation Method,9,C02029-A03001
697,C02029-A03001,C02029,C8MIm,A03001,TFSI or NTf2,323.15,8.324,0.4309,Isochoric Saturation Method,9,C02029-A03001
698,C02029-A03001,C02029,C8MIm,A03001,TFSI or NTf2,323.15,10.731,0.5101,Isochoric Saturation Method,9,C02029-A03001
699,C02029-A03001,C02029,C8MIm,A03001,TFSI or NTf2,323.15,13.411,0.5756,Isochoric Saturation Method,9,C02029-A03001
700,C02029-A03001,C02029,C8MIm,A03001,TFSI or NTf2,323.15,17.395,0.652,Isochoric Saturation Method,9,C02029-A03001
701,C02029-A03001,C02029,C8MIm,A03001,TFSI or NTf2,333.15,1.191,0.0676,Isochoric Saturation Method,9,C02029-A03001
702,C02029-A03001,C02029,C8MIm,A03001,TFSI or NTf2,333.15,2.576,0.1413,Isochoric Saturation Method,9,C02029-A03001
703,C02029-A03001,C02029,C8MIm,A03001,TFSI or NTf2,333.15,4.473,0.2339,Isochoric Saturation Method,9,C02029-A03001
704,C02029-A03001,C02029,C8MIm,A03001,TFSI or NTf2,333.15,6.706,0.3305,Isochoric Saturation Method,9,C02029-A03001
705,C02029-A03001,C02029,C8MIm,A03001,TFSI or NTf2,333.15,9.012,0.4119,Isochoric Saturation Method,9,C02029-A03001
706,C02029-A03001,C02029,C8MIm,A03001,TFSI or NTf2,333.15,11.663,0.4899,Isochoric Saturation Method,9,C02029-A03001
707,C02029-A03001,C02029,C8MIm,A03001,TFSI or NTf2,333.15,14.635,0.5544,Isochoric Saturation Method,9,C02029-A03001
708,C02029-A03001,C02029,C8MIm,A03001,TFSI or NTf2,333.15,19.119,0.63,Isochoric Saturation Method,9,C02029-A03001
709,C02029-A03001,C02029,C8MIm,A03001,TFSI or NTf2,343.15,1.27,0.0662,Isochoric Saturation Method,9,C02029-A03001
710,C02029-A03001,C02029,C8MIm,A03001,TFSI or NTf2,343.15,2.748,0.1382,Isochoric Saturation Method,9,C02029-A03001
711,C02029-A03001,C02029,C8MIm,A03001,TFSI or NTf2,343.15,4.777,0.2279,Isochoric Saturation Method,9,C02029-A03001
712,C02029-A03001,C02029,C8MIm,A03001,TFSI or NTf2,343.15,7.175,0.3185,Isochoric Saturation Method,9,C02029-A03001
713,C02029-A03001,C02029,C8MIm,A03001,TFSI or NTf2,343.15,9.655,0.3952,Isochoric Saturation Method,9,C02029-A03001
714,C02029-A03001,C02029,C8MIm,A03001,TFSI or NTf2,343.15,12.539,0.4717,Isochoric Saturation Method,9,C02029-A03001
715,C02029-A03001,C02029,C8MIm,A03001,TFSI or NTf2,343.15,15.771,0.5357,Isochoric Saturation Method,9,C02029-A03001
716,C02029-A03001,C02029,C8MIm,A03001,TFSI or NTf2,353.15,1.343,0.063,Isochoric Saturation Method,9,C02029-A03001
717,C02029-A03001,C02029,C8MIm,A03001,TFSI or NTf2,353.15,2.907,0.1316,Isochoric Saturation Method,9,C02029-A03001
718,C02029-A03001,C02029,C8MIm,A03001,TFSI or NTf2,353.15,5.062,0.2176,Isochoric Saturation Method,9,C02029-A03001
719,C02029-A03001,C02029,C8MIm,A03001,TFSI or NTf2,353.15,7.624,0.3048,Isochoric Saturation Method,9,C02029-A03001
720,C02029-A03001,C02029,C8MIm,A03001,TFSI or NTf2,353.15,10.27,0.3851,Isochoric Saturation Method,9,C02029-A03001
721,C02029-A03001,C02029,C8MIm,A03001,TFSI or NTf2,353.15,13.371,0.4576,Isochoric Saturation Method,9,C02029-A03001
722,C02029-A03001,C02029,C8MIm,A03001,TFSI or NTf2,353.15,16.869,0.5181,Isochoric Saturation Method,9,C02029-A03001
739,C02003-A06003,C02003,EMIM or C2MIm,A06003,OAc or CH3COO,293.15,0.014,0.1118653545247,Equilibrium method,12,C02003-A06003
740,C02003-A06003,C02003,EMIM or C2MIm,A06003,OAc or CH3COO,293.15,0.064,0.192881108061888,Equilibrium method,12,C02003-A06003
741,C02003-A06003,C02003,EMIM or C2MIm,A06003,OAc or CH3COO,293.15,0.232,0.255949286277165,Equilibrium method,12,C02003-A06003
742,C02003-A06003,C02003,EMIM or C2MIm,A06003,OAc or CH3COO,293.15,0.516,0.308901365615048,Equilibrium method,12,C02003-A06003
743,C02003-A06003,C02003,EMIM or C2MIm,A06003,OAc or CH3COO,293.15,0.856,0.3502506703675,Equilibrium method,12,C02003-A06003
744,C02003-A06003,C02003,EMIM or C2MIm,A06003,OAc or CH3COO,293.15,1.141,0.379681528000221,Equilibrium method,12,C02003-A06003
745,C02003-A06003,C02003,EMIM or C2MIm,A06003,OAc or CH3COO,293.15,1.416,0.403003914754069,Equilibrium method,12,C02003-A06003
746,C02003-A06003,C02003,EMIM or C2MIm,A06003,OAc or CH3COO,293.15,1.737,0.426601529594319,Equilibrium method,12,C02003-A06003
747,C02003-A06003,C02003,EMIM or C2MIm,A06003,OAc or CH3COO,293.15,1.962,0.441323494362208,Equilibrium method,12,C02003-A06003
748,C02003-A06003,C02003,EMIM or C2MIm,A06003,OAc or CH3COO,293.15,2.201,0.456819192615939,Equilibrium method,12,C02003-A06003
749,C02003-A06003,C02003,EMIM or C2MIm,A06003,OAc or CH3COO,293.15,2.52,0.4759103090722,Equilibrium method,12,C02003-A06003
750,C02003-A06003,C02003,EMIM or C2MIm,A06003,OAc or CH3COO,293.15,2.892,0.495184114506216,Equilibrium method,12,C02003-A06003
751,C02003-A06003,C02003,EMIM or C2MIm,A06003,OAc or CH3COO,293.15,3.208,0.510290179415085,Equilibrium method,12,C02003-A06003
752,C02003-A06003,C02003,EMIM or C2MIm,A06003,OAc or CH3COO,303.15,0.009,0.0975408122502698,Equilibrium method,12,C02003-A06003
753,C02003-A06003,C02003,EMIM or C2MIm,A06003,OAc or CH3COO,303.15,0.047,0.159631634947747,Equilibrium method,12,C02003-A06003
754,C02003-A06003,C02003,EMIM or C2MIm,A06003,OAc or CH3COO,303.15,0.146,0.20885807436799,Equilibrium method,12,C02003-A06003
755,C02003-A06003,C02003,EMIM or C2MIm,A06003,OAc or CH3COO,303.15,0.323,0.250921336792599,Equilibrium method,12,C02003-A06003
756,C02003-A06003,C02003,EMIM or C2MIm,A06003,OAc or CH3COO,303.15,0.586,0.290284161208461,Equilibrium method,12,C02003-A06003
757,C02003-A06003,C02003,EMIM or C2MIm,A06003,OAc or CH3COO,303.15,0.868,0.321589988187864,Equilibrium method,12,C02003-A06003
758,C02003-A06003,C02003,EMIM or C2MIm,A06003,OAc or CH3COO,303.15,1.14,0.348521482207701,Equilibrium method,12,C02003-A06003
759,C02003-A06003,C02003,EMIM or C2MIm,A06003,OAc or CH3COO,303.15,1.476,0.374597002034417,Equilibrium method,12,C02003-A06003
760,C02003-A06003,C02003,EMIM or C2MIm,A06003,OAc or CH3COO,303.15,1.768,0.39501207785788,Equilibrium method,12,C02003-A06003
761,C02003-A06003,C02003,EMIM or C2MIm,A06003,OAc or CH3COO,303.15,2.113,0.417274366464042,Equilibrium method,12,C02003-A06003
762,C02003-A06003,C02003,EMIM or C2MIm,A06003,OAc or CH3COO,303.15,2.461,0.435959905796505,Equilibrium method,12,C02003-A06003
763,C02003-A06003,C02003,EMIM or C2MIm,A06003,OAc or CH3COO,303.15,2.789,0.453535178202943,Equilibrium method,12,C02003-A06003
764,C02003-A06003,C02003,EMIM or C2MIm,A06003,OAc or CH3COO,303.15,3.191,0.472853733199783,Equilibrium method,12,C02003-A06003
765,C02003-A06003,C02003,EMIM or C2MIm,A06003,OAc or CH3COO,313.15,0.014,0.102366726817072,Equilibrium method,12,C02003-A06003
766,C02003-A06003,C02003,EMIM or C2MIm,A06003,OAc or CH3COO,313.15,0.087,0.177629205163248,Equilibrium method,12,C02003-A06003
767,C02003-A06003,C02003,EMIM or C2MIm,A06003,OAc or CH3COO,313.15,0.237,0.221748420931437,Equilibrium method,12,C02003-A06003
768,C02003-A06003,C02003,EMIM or C2MIm,A06003,OAc or CH3COO,313.15,0.447,0.256514238231886,Equilibrium method,12,C02003-A06003
769,C02003-A06003,C02003,EMIM or C2MIm,A06003,OAc or CH3COO,313.15,0.692,0.285710969372358,Equilibrium method,12,C02003-A06003
770,C02003-A06003,C02003,EMIM or C2MIm,A06003,OAc or CH3COO,313.15,0.957,0.311331646591709,Equilibrium method,12,C02003-A06003
771,C02003-A06003,C02003,EMIM or C2MIm,A06003,OAc or CH3COO,313.15,1.259,0.333745536086764,Equilibrium method,12,C02003-A06003
772,C02003-A06003,C02003,EMIM or C2MIm,A06003,OAc or CH3COO,313.15,1.558,0.354391886384593,Equilibrium method,12,C02003-A06003
773,C02003-A06003,C02003,EMIM or C2MIm,A06003,OAc or CH3COO,313.15,1.869,0.374996191383041,Equilibrium method,12,C02003-A06003
774,C02003-A06003,C02003,EMIM or C2MIm,A06003,OAc or CH3COO,313.15,2.187,0.392447004443248,Equilibrium method,12,C02003-A06003
775,C02003-A06003,C02003,EMIM or C2MIm,A06003,OAc or CH3COO,313.15,2.547,0.410728263555555,Equilibrium method,12,C02003-A06003
776,C02003-A06003,C02003,EMIM or C2MIm,A06003,OAc or CH3COO,313.15,2.841,0.424636123774486,Equilibrium method,12,C02003-A06003
777,C02003-A06003,C02003,EMIM or C2MIm,A06003,OAc or CH3COO,313.15,3.192,0.438493561778409,Equilibrium method,12,C02003-A06003
778,C02003-A06003,C02003,EMIM or C2MIm,A06003,OAc or CH3COO,323.15,0.021,0.0916807741510297,Equilibrium method,12,C02003-A06003
779,C02003-A06003,C02003,EMIM or C2MIm,A06003,OAc or CH3COO,323.15,0.116,0.164531327096788,Equilibrium method,12,C02003-A06003
780,C02003-A06003,C02003,EMIM or C2MIm,A06003,OAc or CH3COO,323.15,0.303,0.210134436461686,Equilibrium method,12,C02003-A06003
781,C02003-A06003,C02003,EMIM or C2MIm,A06003,OAc or CH3COO,323.15,0.527,0.240658785605946,Equilibrium method,12,C02003-A06003
782,C02003-A06003,C02003,EMIM or C2MIm,A06003,OAc or CH3COO,323.15,0.756,0.265254461740444,Equilibrium method,12,C02003-A06003
783,C02003-A06003,C02003,EMIM or C2MIm,A06003,OAc or CH3COO,323.15,1.053,0.291824028383806,Equilibrium method,12,C02003-A06003
784,C02003-A06003,C02003,EMIM or C2MIm,A06003,OAc or CH3COO,323.15,1.311,0.310361588177678,Equilibrium method,12,C02003-A06003
785,C02003-A06003,C02003,EMIM or C2MIm,A06003,OAc or CH3COO,323.15,1.554,0.327953407708685,Equilibrium method,12,C02003-A06003
786,C02003-A06003,C02003,EMIM or C2MIm,A06003,OAc or CH3COO,323.15,1.845,0.3446700607078,Equilibrium method,12,C02003-A06003
787,C02003-A06003,C02003,EMIM or C2MIm,A06003,OAc or CH3COO,323.15,2.155,0.360992553397012,Equilibrium method,12,C02003-A06003
788,C02003-A06003,C02003,EMIM or C2MIm,A06003,OAc or CH3COO,323.15,2.515,0.3800088349981,Equilibrium method,12,C02003-A06003
789,C02003-A06003,C02003,EMIM or C2MIm,A06003,OAc or CH3COO,323.15,2.88,0.39613137847856,Equilibrium method,12,C02003-A06003
790,C02003-A06003,C02003,EMIM or C2MIm,A06003,OAc or CH3COO,323.15,3.248,0.410728263555555,Equilibrium method,12,C02003-A06003
791,C02003-A06003,C02003,EMIM or C2MIm,A06003,OAc or CH3COO,333.15,0.049,0.103188848806213,Equilibrium method,12,C02003-A06003
792,C02003-A06003,C02003,EMIM or C2MIm,A06003,OAc or CH3COO,333.15,0.213,0.17078104382248,Equilibrium method,12,C02003-A06003
793,C02003-A06003,C02003,EMIM or C2MIm,A06003,OAc or CH3COO,333.15,0.492,0.2144644370926,Equilibrium method,12,C02003-A06003
794,C02003-A06003,C02003,EMIM or C2MIm,A06003,OAc or CH3COO,333.15,0.828,0.248141324529429,Equilibrium method,12,C02003-A06003
795,C02003-A06003,C02003,EMIM or C2MIm,A06003,OAc or CH3COO,333.15,1.16,0.273252586899205,Equilibrium method,12,C02003-A06003
796,C02003-A06003,C02003,EMIM or C2MIm,A06003,OAc or CH3COO,333.15,1.419,0.291311482316645,Equilibrium method,12,C02003-A06003
797,C02003-A06003,C02003,EMIM or C2MIm,A06003,OAc or CH3COO,333.15,1.714,0.307516577239473,Equilibrium method,12,C02003-A06003
798,C02003-A06003,C02003,EMIM or C2MIm,A06003,OAc or CH3COO,333.15,2.007,0.323854192834918,Equilibrium method,12,C02003-A06003
799,C02003-A06003,C02003,EMIM or C2MIm,A06003,OAc or CH3COO,333.15,2.268,0.335553943063099,Equilibrium method,12,C02003-A06003
800,C02003-A06003,C02003,EMIM or C2MIm,A06003,OAc or CH3COO,333.15,2.615,0.351899217217394,Equilibrium method,12,C02003-A06003
801,C02003-A06003,C02003,EMIM or C2MIm,A06003,OAc or CH3COO,333.15,2.966,0.366709603333367,Equilibrium method,12,C02003-A06003
802,C02003-A06003,C02003,EMIM or C2MIm,A06003,OAc or CH3COO,333.15,3.229,0.376190707683134,Equilibrium method,12,C02003-A06003
803,C02003-A06032,C02003,EMIM or C2MIm,A06032,CH3CH2CO2,293.15,0.011,0.16040953476546,Equilibrium method,12,C02003-A06032
804,C02003-A06032,C02003,EMIM or C2MIm,A06032,CH3CH2CO2,293.15,0.083,0.254303548447272,Equilibrium method,12,C02003-A06032
805,C02003-A06032,C02003,EMIM or C2MIm,A06032,CH3CH2CO2,293.15,0.277,0.324803640745194,Equilibrium method,12,C02003-A06032
806,C02003-A06032,C02003,EMIM or C2MIm,A06032,CH3CH2CO2,293.15,0.511,0.37344002229551,Equilibrium method,12,C02003-A06032
807,C02003-A06032,C02003,EMIM or C2MIm,A06032,CH3CH2CO2,293.15,0.798,0.416231837221152,Equilibrium method,12,C02003-A06032
808,C02003-A06032,C02003,EMIM or C2MIm,A06032,CH3CH2CO2,293.15,1.059,0.447207742381826,Equilibrium method,12,C02003-A06032
809,C02003-A06032,C02003,EMIM or C2MIm,A06032,CH3CH2CO2,293.15,1.341,0.475062001476882,Equilibrium method,12,C02003-A06032
810,C02003-A06032,C02003,EMIM or C2MIm,A06032,CH3CH2CO2,293.15,1.639,0.499229474407682,Equilibrium method,12,C02003-A06032
811,C02003-A06032,C02003,EMIM or C2MIm,A06032,CH3CH2CO2,293.15,1.981,0.523580751823876,Equilibrium method,12,C02003-A06032
812,C02003-A06032,C02003,EMIM or C2MIm,A06032,CH3CH2CO2,293.15,2.296,0.543802446751709,Equilibrium method,12,C02003-A06032
813,C02003-A06032,C02003,EMIM or C2MIm,A06032,CH3CH2CO2,293.15,2.604,0.561599773631166,Equilibrium method,12,C02003-A06032
814,C02003-A06032,C02003,EMIM or C2MIm,A06032,CH3CH2CO2,293.15,2.959,0.579824447292674,Equilibrium method,12,C02003-A06032
815,C02003-A06032,C02003,EMIM or C2MIm,A06032,CH3CH2CO2,293.15,3.167,0.589671540274559,Equilibrium method,12,C02003-A06032
816,C02003-A06032,C02003,EMIM or C2MIm,A06032,CH3CH2CO2,303.15,0.017,0.153205226607023,Equilibrium method,12,C02003-A06032
817,C02003-A06032,C02003,EMIM or C2MIm,A06032,CH3CH2CO2,303.15,0.125,0.238399158900217,Equilibrium method,12,C02003-A06032
818,C02003-A06032,C02003,EMIM or C2MIm,A06032,CH3CH2CO2,303.15,0.38,0.302145762210356,Equilibrium method,12,C02003-A06032
819,C02003-A06032,C02003,EMIM or C2MIm,A06032,CH3CH2CO2,303.15,0.729,0.355663061885006,Equilibrium method,12,C02003-A06032
820,C02003-A06032,C02003,EMIM or C2MIm,A06032,CH3CH2CO2,303.15,0.998,0.386887485269972,Equilibrium method,12,C02003-A06032
821,C02003-A06032,C02003,EMIM or C2MIm,A06032,CH3CH2CO2,303.15,1.332,0.418296456508655,Equilibrium method,12,C02003-A06032
822,C02003-A06032,C02003,EMIM or C2MIm,A06032,CH3CH2CO2,303.15,1.655,0.444776196835988,Equilibrium method,12,C02003-A06032
823,C02003-A06032,C02003,EMIM or C2MIm,A06032,CH3CH2CO2,303.15,1.981,0.466968348367313,Equilibrium method,12,C02003-A06032
824,C02003-A06032,C02003,EMIM or C2MIm,A06032,CH3CH2CO2,303.15,2.357,0.490055012049388,Equilibrium method,12,C02003-A06032
825,C02003-A06032,C02003,EMIM or C2MIm,A06032,CH3CH2CO2,303.15,2.652,0.506424516691874,Equilibrium method,12,C02003-A06032
826,C02003-A06032,C02003,EMIM or C2MIm,A06032,CH3CH2CO2,303.15,2.942,0.520169244368668,Equilibrium method,12,C02003-A06032
827,C02003-A06032,C02003,EMIM or C2MIm,A06032,CH3CH2CO2,303.15,3.196,0.532727119665669,Equilibrium method,12,C02003-A06032
828,C02003-A06032,C02003,EMIM or C2MIm,A06032,CH3CH2CO2,313.15,0.054,0.154655962221643,Equilibrium method,12,C02003-A06032
829,C02003-A06032,C02003,EMIM or C2MIm,A06032,CH3CH2CO2,313.15,0.244,0.227230564972352,Equilibrium method,12,C02003-A06032
830,C02003-A06032,C02003,EMIM or C2MIm,A06032,CH3CH2CO2,313.15,0.512,0.278490324699556,Equilibrium method,12,C02003-A06032
831,C02003-A06032,C02003,EMIM or C2MIm,A06032,CH3CH2CO2,313.15,0.7,0.302145762210356,Equilibrium method,12,C02003-A06032
832,C02003-A06032,C02003,EMIM or C2MIm,A06032,CH3CH2CO2,313.15,0.915,0.326562902041948,Equilibrium method,12,C02003-A06032
833,C02003-A06032,C02003,EMIM or C2MIm,A06032,CH3CH2CO2,313.15,1.158,0.351505901866968,Equilibrium method,12,C02003-A06032
834,C02003-A06032,C02003,EMIM or C2MIm,A06032,CH3CH2CO2,313.15,1.475,0.378106358738103,Equilibrium method,12,C02003-A06032
835,C02003-A06032,C02003,EMIM or C2MIm,A06032,CH3CH2CO2,313.15,1.772,0.401226604067223,Equilibrium method,12,C02003-A06032
836,C02003-A06032,C02003,EMIM or C2MIm,A06032,CH3CH2CO2,313.15,2.048,0.419292236164835,Equilibrium method,12,C02003-A06032
837,C02003-A06032,C02003,EMIM or C2MIm,A06032,CH3CH2CO2,313.15,2.307,0.434066199495106,Equilibrium method,12,C02003-A06032
838,C02003-A06032,C02003,EMIM or C2MIm,A06032,CH3CH2CO2,313.15,2.636,0.452670610561697,Equilibrium method,12,C02003-A06032
839,C02003-A06032,C02003,EMIM or C2MIm,A06032,CH3CH2CO2,313.15,2.983,0.470349306750801,Equilibrium method,12,C02003-A06032
840,C02003-A06032,C02003,EMIM or C2MIm,A06032,CH3CH2CO2,313.15,3.224,0.482124147767961,Equilibrium method,12,C02003-A06032
841,C02003-A06032,C02003,EMIM or C2MIm,A06032,CH3CH2CO2,323.15,0.137,0.120550195054931,Equilibrium method,12,C02003-A06032
842,C02003-A06032,C02003,EMIM or C2MIm,A06032,CH3CH2CO2,323.15,0.248,0.19870962762562,Equilibrium method,12,C02003-A06032
843,C02003-A06032,C02003,EMIM or C2MIm,A06032,CH3CH2CO2,323.15,0.324,0.244757575338302,Equilibrium method,12,C02003-A06032
844,C02003-A06032,C02003,EMIM or C2MIm,A06032,CH3CH2CO2,323.15,0.387,0.2790653318494,Equilibrium method,12,C02003-A06032
845,C02003-A06032,C02003,EMIM or C2MIm,A06032,CH3CH2CO2,323.15,0.426,0.298719472978147,Equilibrium method,12,C02003-A06032
846,C02003-A06032,C02003,EMIM or C2MIm,A06032,CH3CH2CO2,323.15,0.467,0.318359230683868,Equilibrium method,12,C02003-A06032
847,C02003-A06032,C02003,EMIM or C2MIm,A06032,CH3CH2CO2,323.15,0.511,0.338222440061748,Equilibrium method,12,C02003-A06032
848,C02003-A06032,C02003,EMIM or C2MIm,A06032,CH3CH2CO2,323.15,0.553,0.356121680845897,Equilibrium method,12,C02003-A06032
849,C02003-A06032,C02003,EMIM or C2MIm,A06032,CH3CH2CO2,323.15,0.591,0.371481048092058,Equilibrium method,12,C02003-A06032
850,C02003-A06032,C02003,EMIM or C2MIm,A06032,CH3CH2CO2,323.15,0.648,0.393193603134344,Equilibrium method,12,C02003-A06032
851,C02003-A06032,C02003,EMIM or C2MIm,A06032,CH3CH2CO2,323.15,0.678,0.404053579873984,Equilibrium method,12,C02003-A06032
852,C02003-A06032,C02003,EMIM or C2MIm,A06032,CH3CH2CO2,323.15,0.715,0.416921670143446,Equilibrium method,12,C02003-A06032
853,C02003-A06032,C02003,EMIM or C2MIm,A06032,CH3CH2CO2,323.15,0.768,0.434420029639105,Equilibrium method,12,C02003-A06032
854,C02003-A06032,C02003,EMIM or C2MIm,A06032,CH3CH2CO2,333.15,0.109,0.13124823643392,Equilibrium method,12,C02003-A06032
855,C02003-A06032,C02003,EMIM or C2MIm,A06032,CH3CH2CO2,333.15,0.336,0.184993234791843,Equilibrium method,12,C02003-A06032
856,C02003-A06032,C02003,EMIM or C2MIm,A06032,CH3CH2CO2,333.15,0.558,0.216295732122107,Equilibrium method,12,C02003-A06032
857,C02003-A06032,C02003,EMIM or C2MIm,A06032,CH3CH2CO2,333.15,0.808,0.24127364540335,Equilibrium method,12,C02003-A06032
858,C02003-A06032,C02003,EMIM or C2MIm,A06032,CH3CH2CO2,333.15,1.068,0.26311134198979,Equilibrium method,12,C02003-A06032
859,C02003-A06032,C02003,EMIM or C2MIm,A06032,CH3CH2CO2,333.15,1.449,0.291302587544966,Equilibrium method,12,C02003-A06032
860,C02003-A06032,C02003,EMIM or C2MIm,A06032,CH3CH2CO2,333.15,1.725,0.307488048628743,Equilibrium method,12,C02003-A06032
861,C02003-A06032,C02003,EMIM or C2MIm,A06032,CH3CH2CO2,333.15,1.996,0.32387844957215,Equilibrium method,12,C02003-A06032
862,C02003-A06032,C02003,EMIM or C2MIm,A06032,CH3CH2CO2,333.15,2.312,0.340794415505612,Equilibrium method,12,C02003-A06032
863,C02003-A06032,C02003,EMIM or C2MIm,A06032,CH3CH2CO2,333.15,2.646,0.357341479021518,Equilibrium method,12,C02003-A06032
864,C02003-A06032,C02003,EMIM or C2MIm,A06032,CH3CH2CO2,333.15,3.239,0.383124649337207,Equilibrium method,12,C02003-A06032
865,C02003-A06008,C02003,EMIM or C2MIm,A06008,L-lactate,293.15,0.078,0.120464799875486,Equilibrium method,12,C02003-A06008
866,C02003-A06008,C02003,EMIM or C2MIm,A06008,L-lactate,293.15,0.249,0.187703098594258,Equilibrium method,12,C02003-A06008
867,C02003-A06008,C02003,EMIM or C2MIm,A06008,L-lactate,293.15,0.514,0.246984050640262,Equilibrium method,12,C02003-A06008
868,C02003-A06008,C02003,EMIM or C2MIm,A06008,L-lactate,293.15,0.787,0.28931235512277,Equilibrium method,12,C02003-A06008
869,C02003-A06008,C02003,EMIM or C2MIm,A06008,L-lactate,293.15,1.063,0.324313038525887,Equilibrium method,12,C02003-A06008
870,C02003-A06008,C02003,EMIM or C2MIm,A06008,L-lactate,293.15,1.377,0.358179851458172,Equilibrium method,12,C02003-A06008
871,C02003-A06008,C02003,EMIM or C2MIm,A06008,L-lactate,293.15,1.693,0.387989854144763,Equilibrium method,12,C02003-A06008
872,C02003-A06008,C02003,EMIM or C2MIm,A06008,L-lactate,293.15,2.025,0.413849415945491,Equilibrium method,12,C02003-A06008
873,C02003-A06008,C02003,EMIM or C2MIm,A06008,L-lactate,293.15,2.293,0.43340105323945,Equilibrium method,12,C02003-A06008
874,C02003-A06008,C02003,EMIM or C2MIm,A06008,L-lactate,293.15,2.584,0.45325123062213,Equilibrium method,12,C02003-A06008
875,C02003-A06008,C02003,EMIM or C2MIm,A06008,L-lactate,293.15,2.897,0.472036854361789,Equilibrium method,12,C02003-A06008
876,C02003-A06008,C02003,EMIM or C2MIm,A06008,L-lactate,293.15,3.205,0.489783048405058,Equilibrium method,12,C02003-A06008
877,C02003-A06008,C02003,EMIM or C2MIm,A06008,L-lactate,303.15,0.044,0.0833332233333201,Equilibrium method,12,C02003-A06008
878,C02003-A06008,C02003,EMIM or C2MIm,A06008,L-lactate,303.15,0.182,0.151113192807932,Equilibrium method,12,C02003-A06008
879,C02003-A06008,C02003,EMIM or C2MIm,A06008,L-lactate,303.15,0.54,0.230745277360637,Equilibrium method,12,C02003-A06008
880,C02003-A06008,C02003,EMIM or C2MIm,A06008,L-lactate,303.15,0.845,0.275391471206898,Equilibrium method,12,C02003-A06008
881,C02003-A06008,C02003,EMIM or C2MIm,A06008,L-lactate,303.15,1.188,0.313633554775282,Equilibrium method,12,C02003-A06008
882,C02003-A06008,C02003,EMIM or C2MIm,A06008,L-lactate,303.15,1.544,0.345563820590039,Equilibrium method,12,C02003-A06008
883,C02003-A06008,C02003,EMIM or C2MIm,A06008,L-lactate,303.15,1.887,0.371032409542636,Equilibrium method,12,C02003-A06008
884,C02003-A06008,C02003,EMIM or C2MIm,A06008,L-lactate,303.15,2.281,0.398675151472527,Equilibrium method,12,C02003-A06008
885,C02003-A06008,C02003,EMIM or C2MIm,A06008,L-lactate,303.15,2.648,0.420985156236502,Equilibrium method,12,C02003-A06008
886,C02003-A06008,C02003,EMIM or C2MIm,A06008,L-lactate,303.15,2.994,0.439757329766903,Equilibrium method,12,C02003-A06008
887,C02003-A06008,C02003,EMIM or C2MIm,A06008,L-lactate,303.15,3.19,0.448724668622886,Equilibrium method,12,C02003-A06008
888,C02003-A06008,C02003,EMIM or C2MIm,A06008,L-lactate,313.15,0.169,0.120464799875486,Equilibrium method,12,C02003-A06008
889,C02003-A06008,C02003,EMIM or C2MIm,A06008,L-lactate,313.15,0.358,0.163904038390316,Equilibrium method,12,C02003-A06008
890,C02003-A06008,C02003,EMIM or C2MIm,A06008,L-lactate,313.15,0.571,0.199422662051584,Equilibrium method,12,C02003-A06008
891,C02003-A06008,C02003,EMIM or C2MIm,A06008,L-lactate,313.15,0.833,0.235455956330223,Equilibrium method,12,C02003-A06008
892,C02003-A06008,C02003,EMIM or C2MIm,A06008,L-lactate,313.15,1.129,0.266343188574628,Equilibrium method,12,C02003-A06008
893,C02003-A06008,C02003,EMIM or C2MIm,A06008,L-lactate,313.15,1.503,0.299185777216429,Equilibrium method,12,C02003-A06008
894,C02003-A06008,C02003,EMIM or C2MIm,A06008,L-lactate,313.15,1.824,0.322938947617466,Equilibrium method,12,C02003-A06008
895,C02003-A06008,C02003,EMIM or C2MIm,A06008,L-lactate,313.15,2.157,0.346420299537145,Equilibrium method,12,C02003-A06008
896,C02003-A06008,C02003,EMIM or C2MIm,A06008,L-lactate,313.15,2.479,0.365921453596154,Equilibrium method,12,C02003-A06008
897,C02003-A06008,C02003,EMIM or C2MIm,A06008,L-lactate,313.15,2.831,0.385353505080643,Equilibrium method,12,C02003-A06008
898,C02003-A06008,C02003,EMIM or C2MIm,A06008,L-lactate,313.15,3.187,0.404056932491283,Equilibrium method,12,C02003-A06008
899,C02003-A06008,C02003,EMIM or C2MIm,A06008,L-lactate,323.15,0.077,0.0758696251653269,Equilibrium method,12,C02003-A06008
900,C02003-A06008,C02003,EMIM or C2MIm,A06008,L-lactate,323.15,0.272,0.131175897123442,Equilibrium method,12,C02003-A06008
901,C02003-A06008,C02003,EMIM or C2MIm,A06008,L-lactate,323.15,0.53,0.173589070272498,Equilibrium method,12,C02003-A06008
902,C02003-A06008,C02003,EMIM or C2MIm,A06008,L-lactate,323.15,0.803,0.206293470512913,Equilibrium method,12,C02003-A06008
903,C02003-A06008,C02003,EMIM or C2MIm,A06008,L-lactate,323.15,1.178,0.24356229149551,Equilibrium method,12,C02003-A06008
904,C02003-A06008,C02003,EMIM or C2MIm,A06008,L-lactate,323.15,1.493,0.270096179134514,Equilibrium method,12,C02003-A06008
905,C02003-A06008,C02003,EMIM or C2MIm,A06008,L-lactate,323.15,1.807,0.292333555012206,Equilibrium method,12,C02003-A06008
906,C02003-A06008,C02003,EMIM or C2MIm,A06008,L-lactate,323.15,2.146,0.313633554775282,Equilibrium method,12,C02003-A06008
907,C02003-A06008,C02003,EMIM or C2MIm,A06008,L-lactate,323.15,2.52,0.333777694727986,Equilibrium method,12,C02003-A06008
908,C02003-A06008,C02003,EMIM or C2MIm,A06008,L-lactate,323.15,2.832,0.35024687499935,Equilibrium method,12,C02003-A06008
909,C02003-A06008,C02003,EMIM or C2MIm,A06008,L-lactate,323.15,3.199,0.368726753678341,Equilibrium method,12,C02003-A06008
910,C02003-A06008,C02003,EMIM or C2MIm,A06008,L-lactate,333.15,0.131,0.0791074001676909,Equilibrium method,12,C02003-A06008
911,C02003-A06008,C02003,EMIM or C2MIm,A06008,L-lactate,333.15,0.296,0.114224756751946,Equilibrium method,12,C02003-A06008
912,C02003-A06008,C02003,EMIM or C2MIm,A06008,L-lactate,333.15,0.533,0.146762163775658,Equilibrium method,12,C02003-A06008
913,C02003-A06008,C02003,EMIM or C2MIm,A06008,L-lactate,333.15,0.776,0.174272279554149,Equilibrium method,12,C02003-A06008
914,C02003-A06008,C02003,EMIM or C2MIm,A06008,L-lactate,333.15,1.082,0.201853691608654,Equilibrium method,12,C02003-A06008
915,C02003-A06008,C02003,EMIM or C2MIm,A06008,L-lactate,333.15,1.457,0.230152357775421,Equilibrium method,12,C02003-A06008
916,C02003-A06008,C02003,EMIM or C2MIm,A06008,L-lactate,333.15,1.755,0.250937182453545,Equilibrium method,12,C02003-A06008
917,C02003-A06008,C02003,EMIM or C2MIm,A06008,L-lactate,333.15,2.053,0.268492466555037,Equilibrium method,12,C02003-A06008
918,C02003-A06008,C02003,EMIM or C2MIm,A06008,L-lactate,333.15,2.38,0.286774912552899,Equilibrium method,12,C02003-A06008
919,C02003-A06008,C02003,EMIM or C2MIm,A06008,L-lactate,333.15,2.715,0.303097658430433,Equilibrium method,12,C02003-A06008
920,C02003-A06008,C02003,EMIM or C2MIm,A06008,L-lactate,333.15,2.943,0.313633554775282,Equilibrium method,12,C02003-A06008
921,C02003-A06008,C02003,EMIM or C2MIm,A06008,L-lactate,333.15,3.216,0.325226004753324,Equilibrium method,12,C02003-A06008
922,C02011-A06003,C02011,C4MIm or BMIM,A06003,OAc or CH3COO,293.15,0.001,0.0739872861047218,Equilibrium method,12,C02011-A06003
923,C02011-A06003,C02011,C4MIm or BMIM,A06003,OAc or CH3COO,293.15,0.009,0.156806843706425,Equilibrium method,12,C02011-A06003
924,C02011-A06003,C02011,C4MIm or BMIM,A06003,OAc or CH3COO,293.15,0.027,0.202533430077724,Equilibrium method,12,C02011-A06003
925,C02011-A06003,C02011,C4MIm or BMIM,A06003,OAc or CH3COO,293.15,0.079,0.249967219817342,Equilibrium method,12,C02011-A06003
926,C02011-A06003,C02011,C4MIm or BMIM,A06003,OAc or CH3COO,293.15,0.205,0.298767596673337,Equilibrium method,12,C02011-A06003
927,C02011-A06003,C02011,C4MIm or BMIM,A06003,OAc or CH3COO,293.15,0.346,0.332544570103905,Equilibrium method,12,C02011-A06003
928,C02011-A06003,C02011,C4MIm or BMIM,A06003,OAc or CH3COO,293.15,0.523,0.364980882685971,Equilibrium method,12,C02011-A06003
929,C02011-A06003,C02011,C4MIm or BMIM,A06003,OAc or CH3COO,293.15,0.81,0.404140316708717,Equilibrium method,12,C02011-A06003
930,C02011-A06003,C02011,C4MIm or BMIM,A06003,OAc or CH3COO,293.15,1.053,0.432626675910162,Equilibrium method,12,C02011-A06003
931,C02011-A06003,C02011,C4MIm or BMIM,A06003,OAc or CH3COO,293.15,1.354,0.461059355742809,Equilibrium method,12,C02011-A06003
932,C02011-A06003,C02011,C4MIm or BMIM,A06003,OAc or CH3COO,293.15,1.637,0.484206692614165,Equilibrium method,12,C02011-A06003
933,C02011-A06003,C02011,C4MIm or BMIM,A06003,OAc or CH3COO,293.15,1.931,0.507090780086708,Equilibrium method,12,C02011-A06003
934,C02011-A06003,C02011,C4MIm or BMIM,A06003,OAc or CH3COO,293.15,2.244,0.527544246048304,Equilibrium method,12,C02011-A06003
935,C02011-A06003,C02011,C4MIm or BMIM,A06003,OAc or CH3COO,293.15,2.6,0.547223042855303,Equilibrium method,12,C02011-A06003
936,C02011-A06003,C02011,C4MIm or BMIM,A06003,OAc or CH3COO,293.15,2.925,0.564314305785952,Equilibrium method,12,C02011-A06003
937,C02011-A06003,C02011,C4MIm or BMIM,A06003,OAc or CH3COO,293.15,3.219,0.578970655332512,Equilibrium method,12,C02011-A06003
938,C02011-A06003,C02011,C4MIm or BMIM,A06003,OAc or CH3COO,303.15,0.005,0.111817788353462,Equilibrium method,12,C02011-A06003
939,C02011-A06003,C02011,C4MIm or BMIM,A06003,OAc or CH3COO,303.15,0.058,0.203037447437331,Equilibrium method,12,C02011-A06003
940,C02011-A06003,C02011,C4MIm or BMIM,A06003,OAc or CH3COO,303.15,0.239,0.274249269655268,Equilibrium method,12,C02011-A06003
941,C02011-A06003,C02011,C4MIm or BMIM,A06003,OAc or CH3COO,303.15,0.478,0.324680464120104,Equilibrium method,12,C02011-A06003
942,C02011-A06003,C02011,C4MIm or BMIM,A06003,OAc or CH3COO,303.15,0.849,0.378976213472406,Equilibrium method,12,C02011-A06003
943,C02011-A06003,C02011,C4MIm or BMIM,A06003,OAc or CH3COO,303.15,1.165,0.414854877924216,Equilibrium method,12,C02011-A06003
944,C02011-A06003,C02011,C4MIm or BMIM,A06003,OAc or CH3COO,303.15,1.478,0.438500706147127,Equilibrium method,12,C02011-A06003
945,C02011-A06003,C02011,C4MIm or BMIM,A06003,OAc or CH3COO,303.15,1.824,0.464321887863372,Equilibrium method,12,C02011-A06003
946,C02011-A06003,C02011,C4MIm or BMIM,A06003,OAc or CH3COO,303.15,2.196,0.484891475493753,Equilibrium method,12,C02011-A06003
947,C02011-A06003,C02011,C4MIm or BMIM,A06003,OAc or CH3COO,303.15,2.578,0.509344379286686,Equilibrium method,12,C02011-A06003
948,C02011-A06003,C02011,C4MIm or BMIM,A06003,OAc or CH3COO,303.15,2.972,0.529088091993131,Equilibrium method,12,C02011-A06003
949,C02011-A06003,C02011,C4MIm or BMIM,A06003,OAc or CH3COO,303.15,3.202,0.539954746268481,Equilibrium method,12,C02011-A06003
950,C02011-A06003,C02011,C4MIm or BMIM,A06003,OAc or CH3COO,313.15,0.003,0.0900253731865093,Equilibrium method,12,C02011-A06003
951,C02011-A06003,C02011,C4MIm or BMIM,A06003,OAc or CH3COO,313.15,0.017,0.154120110917861,Equilibrium method,12,C02011-A06003
952,C02011-A06003,C02011,C4MIm or BMIM,A06003,OAc or CH3COO,313.15,0.142,0.237725269143581,Equilibrium method,12,C02011-A06003
953,C02011-A06003,C02011,C4MIm or BMIM,A06003,OAc or CH3COO,313.15,0.326,0.283425700954771,Equilibrium method,12,C02011-A06003
954,C02011-A06003,C02011,C4MIm or BMIM,A06003,OAc or CH3COO,313.15,0.575,0.321318351589779,Equilibrium method,12,C02011-A06003
955,C02011-A06003,C02011,C4MIm or BMIM,A06003,OAc or CH3COO,313.15,0.811,0.350089085238819,Equilibrium method,12,C02011-A06003
956,C02011-A06003,C02011,C4MIm or BMIM,A06003,OAc or CH3COO,313.15,1.066,0.374199037347902,Equilibrium method,12,C02011-A06003
957,C02011-A06003,C02011,C4MIm or BMIM,A06003,OAc or CH3COO,313.15,1.412,0.402941245167466,Equilibrium method,12,C02011-A06003
958,C02011-A06003,C02011,C4MIm or BMIM,A06003,OAc or CH3COO,313.15,1.783,0.429675576655024,Equilibrium method,12,C02011-A06003
959,C02011-A06003,C02011,C4MIm or BMIM,A06003,OAc or CH3COO,313.15,2.145,0.451267771187089,Equilibrium method,12,C02011-A06003
960,C02011-A06003,C02011,C4MIm or BMIM,A06003,OAc or CH3COO,313.15,2.544,0.472225157529971,Equilibrium method,12,C02011-A06003
961,C02011-A06003,C02011,C4MIm or BMIM,A06003,OAc or CH3COO,313.15,3.055,0.493478443789915,Equilibrium method,12,C02011-A06003
962,C02011-A06003,C02011,C4MIm or BMIM,A06003,OAc or CH3COO,313.15,3.278,0.503646875168202,Equilibrium method,12,C02011-A06003
963,C02011-A06003,C02011,C4MIm or BMIM,A06003,OAc or CH3COO,323.15,0.004,0.0640207031132637,Equilibrium method,12,C02011-A06003
964,C02011-A06003,C02011,C4MIm or BMIM,A06003,OAc or CH3COO,323.15,0.016,0.122937669057053,Equilibrium method,12,C02011-A06003
965,C02011-A06003,C02011,C4MIm or BMIM,A06003,OAc or CH3COO,323.15,0.098,0.194252870006817,Equilibrium method,12,C02011-A06003
966,C02011-A06003,C02011,C4MIm or BMIM,A06003,OAc or CH3COO,323.15,0.226,0.234602084472437,Equilibrium method,12,C02011-A06003
967,C02011-A06003,C02011,C4MIm or BMIM,A06003,OAc or CH3COO,323.15,0.452,0.272574592747249,Equilibrium method,12,C02011-A06003
968,C02011-A06003,C02011,C4MIm or BMIM,A06003,OAc or CH3COO,323.15,0.729,0.306290223113852,Equilibrium method,12,C02011-A06003
969,C02011-A06003,C02011,C4MIm or BMIM,A06003,OAc or CH3COO,323.15,0.919,0.324499580169734,Equilibrium method,12,C02011-A06003
970,C02011-A06003,C02011,C4MIm or BMIM,A06003,OAc or CH3COO,323.15,1.186,0.347398249761262,Equilibrium method,12,C02011-A06003
971,C02011-A06003,C02011,C4MIm or BMIM,A06003,OAc or CH3COO,323.15,1.544,0.373265920813001,Equilibrium method,12,C02011-A06003
972,C02011-A06003,C02011,C4MIm or BMIM,A06003,OAc or CH3COO,323.15,2.064,0.405474768824809,Equilibrium method,12,C02011-A06003
973,C02011-A06003,C02011,C4MIm or BMIM,A06003,OAc or CH3COO,323.15,2.484,0.426823916226051,Equilibrium method,12,C02011-A06003
974,C02011-A06003,C02011,C4MIm or BMIM,A06003,OAc or CH3COO,323.15,2.774,0.440183356521312,Equilibrium method,12,C02011-A06003
975,C02011-A06003,C02011,C4MIm or BMIM,A06003,OAc or CH3COO,323.15,3.099,0.454944217356037,Equilibrium method,12,C02011-A06003
976,C02011-A06003,C02011,C4MIm or BMIM,A06003,OAc or CH3COO,323.15,3.186,0.458862166143796,Equilibrium method,12,C02011-A06003
977,C02011-A06003,C02011,C4MIm or BMIM,A06003,OAc or CH3COO,333.15,0.008,0.0676539738694736,Equilibrium method,12,C02011-A06003
978,C02011-A06003,C02011,C4MIm or BMIM,A06003,OAc or CH3COO,333.15,0.036,0.13333604194709,Equilibrium method,12,C02011-A06003
979,C02011-A06003,C02011,C4MIm or BMIM,A06003,OAc or CH3COO,333.15,0.121,0.18763443126977,Equilibrium method,12,C02011-A06003
980,C02011-A06003,C02011,C4MIm or BMIM,A06003,OAc or CH3COO,333.15,0.295,0.230515217923554,Equilibrium method,12,C02011-A06003
981,C02011-A06003,C02011,C4MIm or BMIM,A06003,OAc or CH3COO,333.15,0.512,0.262793199308547,Equilibrium method,12,C02011-A06003
982,C02011-A06003,C02011,C4MIm or BMIM,A06003,OAc or CH3COO,333.15,0.742,0.28827911427019,Equilibrium method,12,C02011-A06003
983,C02011-A06003,C02011,C4MIm or BMIM,A06003,OAc or CH3COO,333.15,1.014,0.31253059152934,Equilibrium method,12,C02011-A06003
984,C02011-A06003,C02011,C4MIm or BMIM,A06003,OAc or CH3COO,333.15,1.315,0.335534141710979,Equilibrium method,12,C02011-A06003
985,C02011-A06003,C02011,C4MIm or BMIM,A06003,OAc or CH3COO,333.15,1.658,0.357866621268693,Equilibrium method,12,C02011-A06003
986,C02011-A06003,C02011,C4MIm or BMIM,A06003,OAc or CH3COO,333.15,2.002,0.377903882467032,Equilibrium method,12,C02011-A06003
987,C02011-A06003,C02011,C4MIm or BMIM,A06003,OAc or CH3COO,333.15,2.345,0.396006085407808,Equilibrium method,12,C02011-A06003
988,C02011-A06003,C02011,C4MIm or BMIM,A06003,OAc or CH3COO,333.15,2.68,0.411784103166574,Equilibrium method,12,C02011-A06003
989,C02011-A06003,C02011,C4MIm or BMIM,A06003,OAc or CH3COO,333.15,3.013,0.426498058472262,Equilibrium method,12,C02011-A06003
990,C02011-A06003,C02011,C4MIm or BMIM,A06003,OAc or CH3COO,333.15,3.415,0.442472898523968,Equilibrium method,12,C02011-A06003
991,C02021-A06003,C02021,C6MIm or HMIM,A06003,OAc or CH3COO,293.15,0.003,0.122001677433355,Equilibrium method,12,C02021-A06003
992,C02021-A06003,C02021,C6MIm or HMIM,A06003,OAc or CH3COO,293.15,0.036,0.234949156671832,Equilibrium method,12,C02021-A06003
993,C02021-A06003,C02021,C6MIm or HMIM,A06003,OAc or CH3COO,293.15,0.173,0.309544904406527,Equilibrium method,12,C02021-A06003
994,C02021-A06003,C02021,C6MIm or HMIM,A06003,OAc or CH3COO,293.15,0.387,0.363454711550044,Equilibrium method,12,C02021-A06003
995,C02021-A06003,C02021,C6MIm or HMIM,A06003,OAc or CH3COO,293.15,0.636,0.406861055262631,Equilibrium method,12,C02021-A06003
996,C02021-A06003,C02021,C6MIm or HMIM,A06003,OAc or CH3COO,293.15,0.899,0.442553921814887,Equilibrium method,12,C02021-A06003
997,C02021-A06003,C02021,C6MIm or HMIM,A06003,OAc or CH3COO,293.15,1.187,0.474069725721524,Equilibrium method,12,C02021-A06003
998,C02021-A06003,C02021,C6MIm or HMIM,A06003,OAc or CH3COO,293.15,1.489,0.50176363218298,Equilibrium method,12,C02021-A06003
999,C02021-A06003,C02021,C6MIm or HMIM,A06003,OAc or CH3COO,293.15,1.792,0.525823419486476,Equilibrium method,12,C02021-A06003
1000,C02021-A06003,C02021,C6MIm or HMIM,A06003,OAc or CH3COO,293.15,2.123,0.548729055629853,Equilibrium method,12,C02021-A06003
1001,C02021-A06003,C02021,C6MIm or HMIM,A06003,OAc or CH3COO,293.15,2.44,0.568008637753686,Equilibrium method,12,C02021-A06003
1002,C02021-A06003,C02021,C6MIm or HMIM,A06003,OAc or CH3COO,293.15,2.769,0.587179163644388,Equilibrium method,12,C02021-A06003
1003,C02021-A06003,C02021,C6MIm or HMIM,A06003,OAc or CH3COO,293.15,3.099,0.603621314088968,Equilibrium method,12,C02021-A06003
1004,C02021-A06003,C02021,C6MIm or HMIM,A06003,OAc or CH3COO,293.15,3.236,0.609368107483365,Equilibrium method,12,C02021-A06003
1005,C02021-A06003,C02021,C6MIm or HMIM,A06003,OAc or CH3COO,303.15,0.005,0.145764769210328,Equilibrium method,12,C02021-A06003
1006,C02021-A06003,C02021,C6MIm or HMIM,A06003,OAc or CH3COO,303.15,0.058,0.246816035298659,Equilibrium method,12,C02021-A06003
1007,C02021-A06003,C02021,C6MIm or HMIM,A06003,OAc or CH3COO,303.15,0.2,0.306184085319931,Equilibrium method,12,C02021-A06003
1008,C02021-A06003,C02021,C6MIm or HMIM,A06003,OAc or CH3COO,303.15,0.405,0.352352260475838,Equilibrium method,12,C02021-A06003
1009,C02021-A06003,C02021,C6MIm or HMIM,A06003,OAc or CH3COO,303.15,0.626,0.38737132393235,Equilibrium method,12,C02021-A06003
1010,C02021-A06003,C02021,C6MIm or HMIM,A06003,OAc or CH3COO,303.15,0.847,0.416032437015536,Equilibrium method,12,C02021-A06003
1011,C02021-A06003,C02021,C6MIm or HMIM,A06003,OAc or CH3COO,303.15,1.095,0.444795272143036,Equilibrium method,12,C02021-A06003
1012,C02021-A06003,C02021,C6MIm or HMIM,A06003,OAc or CH3COO,303.15,1.374,0.470159799963283,Equilibrium method,12,C02021-A06003
1013,C02021-A06003,C02021,C6MIm or HMIM,A06003,OAc or CH3COO,303.15,1.656,0.492493285483164,Equilibrium method,12,C02021-A06003
1014,C02021-A06003,C02021,C6MIm or HMIM,A06003,OAc or CH3COO,303.15,1.973,0.514198017172974,Equilibrium method,12,C02021-A06003
1015,C02021-A06003,C02021,C6MIm or HMIM,A06003,OAc or CH3COO,303.15,2.269,0.531951083159271,Equilibrium method,12,C02021-A06003
1016,C02021-A06003,C02021,C6MIm or HMIM,A06003,OAc or CH3COO,303.15,2.569,0.548360058110705,Equilibrium method,12,C02021-A06003
1017,C02021-A06003,C02021,C6MIm or HMIM,A06003,OAc or CH3COO,303.15,2.874,0.563312484415714,Equilibrium method,12,C02021-A06003
1018,C02021-A06003,C02021,C6MIm or HMIM,A06003,OAc or CH3COO,303.15,3.184,0.577144778452005,Equilibrium method,12,C02021-A06003
1019,C02021-A06003,C02021,C6MIm or HMIM,A06003,OAc or CH3COO,313.15,0.006,0.134046216507635,Equilibrium method,12,C02021-A06003
1020,C02021-A06003,C02021,C6MIm or HMIM,A06003,OAc or CH3COO,313.15,0.063,0.232290753724424,Equilibrium method,12,C02021-A06003
1021,C02021-A06003,C02021,C6MIm or HMIM,A06003,OAc or CH3COO,313.15,0.241,0.296686894514231,Equilibrium method,12,C02021-A06003
1022,C02021-A06003,C02021,C6MIm or HMIM,A06003,OAc or CH3COO,313.15,0.504,0.345541698833565,Equilibrium method,12,C02021-A06003
1023,C02021-A06003,C02021,C6MIm or HMIM,A06003,OAc or CH3COO,313.15,0.853,0.390161488713868,Equilibrium method,12,C02021-A06003
1024,C02021-A06003,C02021,C6MIm or HMIM,A06003,OAc or CH3COO,313.15,1.181,0.423498963964223,Equilibrium method,12,C02021-A06003
1025,C02021-A06003,C02021,C6MIm or HMIM,A06003,OAc or CH3COO,313.15,1.548,0.453177569287023,Equilibrium method,12,C02021-A06003
1026,C02021-A06003,C02021,C6MIm or HMIM,A06003,OAc or CH3COO,313.15,1.923,0.478784520707107,Equilibrium method,12,C02021-A06003
1027,C02021-A06003,C02021,C6MIm or HMIM,A06003,OAc or CH3COO,313.15,2.285,0.500750352250582,Equilibrium method,12,C02021-A06003
1028,C02021-A06003,C02021,C6MIm or HMIM,A06003,OAc or CH3COO,313.15,2.661,0.52067979109308,Equilibrium method,12,C02021-A06003
1029,C02021-A06003,C02021,C6MIm or HMIM,A06003,OAc or CH3COO,313.15,3.043,0.538790534074197,Equilibrium method,12,C02021-A06003
1030,C02021-A06003,C02021,C6MIm or HMIM,A06003,OAc or CH3COO,313.15,3.309,0.550610743816784,Equilibrium method,12,C02021-A06003
1031,C02021-A06003,C02021,C6MIm or HMIM,A06003,OAc or CH3COO,323.15,0.013,0.129782717448219,Equilibrium method,12,C02021-A06003
1032,C02021-A06003,C02021,C6MIm or HMIM,A06003,OAc or CH3COO,323.15,0.123,0.237720736827063,Equilibrium method,12,C02021-A06003
1033,C02021-A06003,C02021,C6MIm or HMIM,A06003,OAc or CH3COO,323.15,0.377,0.297804556453543,Equilibrium method,12,C02021-A06003
1034,C02021-A06003,C02021,C6MIm or HMIM,A06003,OAc or CH3COO,323.15,0.557,0.324635740260417,Equilibrium method,12,C02021-A06003
1035,C02021-A06003,C02021,C6MIm or HMIM,A06003,OAc or CH3COO,323.15,0.787,0.35225732137558,Equilibrium method,12,C02021-A06003
1036,C02021-A06003,C02021,C6MIm or HMIM,A06003,OAc or CH3COO,323.15,1.027,0.374802746358993,Equilibrium method,12,C02021-A06003
1037,C02021-A06003,C02021,C6MIm or HMIM,A06003,OAc or CH3COO,323.15,1.353,0.402691765972794,Equilibrium method,12,C02021-A06003
1038,C02021-A06003,C02021,C6MIm or HMIM,A06003,OAc or CH3COO,323.15,1.7,0.424849660302406,Equilibrium method,12,C02021-A06003
1039,C02021-A06003,C02021,C6MIm or HMIM,A06003,OAc or CH3COO,323.15,2.021,0.443816903056163,Equilibrium method,12,C02021-A06003
1040,C02021-A06003,C02021,C6MIm or HMIM,A06003,OAc or CH3COO,323.15,2.377,0.461966445709557,Equilibrium method,12,C02021-A06003
1041,C02021-A06003,C02021,C6MIm or HMIM,A06003,OAc or CH3COO,323.15,2.712,0.477366619309811,Equilibrium method,12,C02021-A06003
1042,C02021-A06003,C02021,C6MIm or HMIM,A06003,OAc or CH3COO,323.15,2.957,0.487727532027953,Equilibrium method,12,C02021-A06003
1043,C02021-A06003,C02021,C6MIm or HMIM,A06003,OAc or CH3COO,323.15,3.197,0.497856880785062,Equilibrium method,12,C02021-A06003
1044,C02021-A06003,C02021,C6MIm or HMIM,A06003,OAc or CH3COO,333.15,0.006,0.0899969948970762,Equilibrium method,12,C02021-A06003
1045,C02021-A06003,C02021,C6MIm or HMIM,A06003,OAc or CH3COO,333.15,0.032,0.16037341351297,Equilibrium method,12,C02021-A06003
1046,C02021-A06003,C02021,C6MIm or HMIM,A06003,OAc or CH3COO,333.15,0.14,0.227863765271079,Equilibrium method,12,C02021-A06003
1047,C02021-A06003,C02021,C6MIm or HMIM,A06003,OAc or CH3COO,333.15,0.298,0.266568507129387,Equilibrium method,12,C02021-A06003
1048,C02021-A06003,C02021,C6MIm or HMIM,A06003,OAc or CH3COO,333.15,0.538,0.301025780315073,Equilibrium method,12,C02021-A06003
1049,C02021-A06003,C02021,C6MIm or HMIM,A06003,OAc or CH3COO,333.15,0.778,0.328535594818288,Equilibrium method,12,C02021-A06003
1050,C02021-A06003,C02021,C6MIm or HMIM,A06003,OAc or CH3COO,333.15,1.018,0.350448175169889,Equilibrium method,12,C02021-A06003
1051,C02021-A06003,C02021,C6MIm or HMIM,A06003,OAc or CH3COO,333.15,1.329,0.374625779975326,Equilibrium method,12,C02021-A06003
1052,C02021-A06003,C02021,C6MIm or HMIM,A06003,OAc or CH3COO,333.15,1.725,0.400910138515747,Equilibrium method,12,C02021-A06003
1053,C02021-A06003,C02021,C6MIm or HMIM,A06003,OAc or CH3COO,333.15,2.096,0.422444028357721,Equilibrium method,12,C02021-A06003
1054,C02021-A06003,C02021,C6MIm or HMIM,A06003,OAc or CH3COO,333.15,2.465,0.441355828064541,Equilibrium method,12,C02021-A06003
1055,C02021-A06003,C02021,C6MIm or HMIM,A06003,OAc or CH3COO,333.15,2.913,0.461507468807941,Equilibrium method,12,C02021-A06003
1056,C02021-A06003,C02021,C6MIm or HMIM,A06003,OAc or CH3COO,333.15,3.267,0.476251564711544,Equilibrium method,12,C02021-A06003
1057,C02003-A05004,C02003,EMIM or C2MIm,A05004,(C2F5)3PF3 or TPTP,303.15,0.604,0.0385031047119348,Isochoric Saturation Method,13,C02003-A05004
1058,C02003-A05004,C02003,EMIM or C2MIm,A05004,(C2F5)3PF3 or TPTP,303.15,1.613,0.100011058704115,Isochoric Saturation Method,13,C02003-A05004
1059,C02003-A05004,C02003,EMIM or C2MIm,A05004,(C2F5)3PF3 or TPTP,303.15,1.645,0.101899167130027,Isochoric Saturation Method,13,C02003-A05004
1060,C02003-A05004,C02003,EMIM or C2MIm,A05004,(C2F5)3PF3 or TPTP,303.15,2.854,0.171201061573419,Isochoric Saturation Method,13,C02003-A05004
1061,C02003-A05004,C02003,EMIM or C2MIm,A05004,(C2F5)3PF3 or TPTP,303.15,4.025,0.238073134379173,Isochoric Saturation Method,13,C02003-A05004
1062,C02003-A05004,C02003,EMIM or C2MIm,A05004,(C2F5)3PF3 or TPTP,303.15,7.2,0.377081448080718,Isochoric Saturation Method,13,C02003-A05004
1063,C02003-A05004,C02003,EMIM or C2MIm,A05004,(C2F5)3PF3 or TPTP,303.15,8.905,0.43610134136322,Isochoric Saturation Method,13,C02003-A05004
1064,C02003-A05004,C02003,EMIM or C2MIm,A05004,(C2F5)3PF3 or TPTP,303.15,12.038,0.533377754277935,Isochoric Saturation Method,13,C02003-A05004
1065,C02003-A05004,C02003,EMIM or C2MIm,A05004,(C2F5)3PF3 or TPTP,303.15,12.326,0.548425627313842,Isochoric Saturation Method,13,C02003-A05004
1066,C02003-A05004,C02003,EMIM or C2MIm,A05004,(C2F5)3PF3 or TPTP,303.15,13.957,0.592644071579469,Isochoric Saturation Method,13,C02003-A05004
1067,C02003-A05004,C02003,EMIM or C2MIm,A05004,(C2F5)3PF3 or TPTP,313.15,0.582,0.0310937386132319,Isochoric Saturation Method,13,C02003-A05004
1068,C02003-A05004,C02003,EMIM or C2MIm,A05004,(C2F5)3PF3 or TPTP,313.15,1.003,0.0530867447991812,Isochoric Saturation Method,13,C02003-A05004
1069,C02003-A05004,C02003,EMIM or C2MIm,A05004,(C2F5)3PF3 or TPTP,313.15,1.764,0.0917825533510133,Isochoric Saturation Method,13,C02003-A05004
1070,C02003-A05004,C02003,EMIM or C2MIm,A05004,(C2F5)3PF3 or TPTP,313.15,3.351,0.168094904904571,Isochoric Saturation Method,13,C02003-A05004
1071,C02003-A05004,C02003,EMIM or C2MIm,A05004,(C2F5)3PF3 or TPTP,313.15,5.642,0.266064808690941,Isochoric Saturation Method,13,C02003-A05004
1072,C02003-A05004,C02003,EMIM or C2MIm,A05004,(C2F5)3PF3 or TPTP,313.15,6.688,0.311562017275462,Isochoric Saturation Method,13,C02003-A05004
1073,C02003-A05004,C02003,EMIM or C2MIm,A05004,(C2F5)3PF3 or TPTP,313.15,7.546,0.337047695105169,Isochoric Saturation Method,13,C02003-A05004
1074,C02003-A05004,C02003,EMIM or C2MIm,A05004,(C2F5)3PF3 or TPTP,313.15,9.618,0.408672154471334,Isochoric Saturation Method,13,C02003-A05004
1075,C02003-A05004,C02003,EMIM or C2MIm,A05004,(C2F5)3PF3 or TPTP,313.15,9.656,0.409952933739267,Isochoric Saturation Method,13,C02003-A05004
1076,C02003-A05004,C02003,EMIM or C2MIm,A05004,(C2F5)3PF3 or TPTP,313.15,10.663,0.4410101755545,Isochoric Saturation Method,13,C02003-A05004
1077,C02003-A05004,C02003,EMIM or C2MIm,A05004,(C2F5)3PF3 or TPTP,313.15,12.507,0.493367050472165,Isochoric Saturation Method,13,C02003-A05004
1078,C02003-A05004,C02003,EMIM or C2MIm,A05004,(C2F5)3PF3 or TPTP,313.15,13.195,0.510924215342975,Isochoric Saturation Method,13,C02003-A05004
1079,C02003-A05004,C02003,EMIM or C2MIm,A05004,(C2F5)3PF3 or TPTP,323.15,0.657,0.0302053032098032,Isochoric Saturation Method,13,C02003-A05004
1080,C02003-A05004,C02003,EMIM or C2MIm,A05004,(C2F5)3PF3 or TPTP,323.15,1.162,0.0528872244253202,Isochoric Saturation Method,13,C02003-A05004
1081,C02003-A05004,C02003,EMIM or C2MIm,A05004,(C2F5)3PF3 or TPTP,323.15,2.016,0.0902200516967171,Isochoric Saturation Method,13,C02003-A05004
1082,C02003-A05004,C02003,EMIM or C2MIm,A05004,(C2F5)3PF3 or TPTP,323.15,2.615,0.115506895603767,Isochoric Saturation Method,13,C02003-A05004
1083,C02003-A05004,C02003,EMIM or C2MIm,A05004,(C2F5)3PF3 or TPTP,323.15,3.654,0.158950007756331,Isochoric Saturation Method,13,C02003-A05004
1084,C02003-A05004,C02003,EMIM or C2MIm,A05004,(C2F5)3PF3 or TPTP,323.15,4.827,0.202697992177794,Isochoric Saturation Method,13,C02003-A05004
1085,C02003-A05004,C02003,EMIM or C2MIm,A05004,(C2F5)3PF3 or TPTP,323.15,5.526,0.230639634974821,Isochoric Saturation Method,13,C02003-A05004
1086,C02003-A05004,C02003,EMIM or C2MIm,A05004,(C2F5)3PF3 or TPTP,323.15,6.503,0.261179103419091,Isochoric Saturation Method,13,C02003-A05004
1087,C02003-A05004,C02003,EMIM or C2MIm,A05004,(C2F5)3PF3 or TPTP,323.15,8.498,0.328856619062332,Isochoric Saturation Method,13,C02003-A05004
1088,C02003-A05004,C02003,EMIM or C2MIm,A05004,(C2F5)3PF3 or TPTP,323.15,9.397,0.354841374390659,Isochoric Saturation Method,13,C02003-A05004
1089,C02003-A05004,C02003,EMIM or C2MIm,A05004,(C2F5)3PF3 or TPTP,323.15,10.328,0.381410576736479,Isochoric Saturation Method,13,C02003-A05004
1090,C02003-A05004,C02003,EMIM or C2MIm,A05004,(C2F5)3PF3 or TPTP,323.15,13.253,0.456406322375421,Isochoric Saturation Method,13,C02003-A05004
1091,C02003-A05004,C02003,EMIM or C2MIm,A05004,(C2F5)3PF3 or TPTP,333.15,0.683,0.0264243843524497,Isochoric Saturation Method,13,C02003-A05004
1092,C02003-A05004,C02003,EMIM or C2MIm,A05004,(C2F5)3PF3 or TPTP,333.15,0.801,0.0308848414664343,Isochoric Saturation Method,13,C02003-A05004
1093,C02003-A05004,C02003,EMIM or C2MIm,A05004,(C2F5)3PF3 or TPTP,333.15,1.218,0.0467106609315331,Isochoric Saturation Method,13,C02003-A05004
1094,C02003-A05004,C02003,EMIM or C2MIm,A05004,(C2F5)3PF3 or TPTP,333.15,2.103,0.0794130674284506,Isochoric Saturation Method,13,C02003-A05004
1095,C02003-A05004,C02003,EMIM or C2MIm,A05004,(C2F5)3PF3 or TPTP,333.15,2.137,0.0805899399798815,Isochoric Saturation Method,13,C02003-A05004
1096,C02003-A05004,C02003,EMIM or C2MIm,A05004,(C2F5)3PF3 or TPTP,333.15,2.302,0.0866150940929398,Isochoric Saturation Method,13,C02003-A05004
1097,C02003-A05004,C02003,EMIM or C2MIm,A05004,(C2F5)3PF3 or TPTP,333.15,4.588,0.164887808105248,Isochoric Saturation Method,13,C02003-A05004
1098,C02003-A05004,C02003,EMIM or C2MIm,A05004,(C2F5)3PF3 or TPTP,333.15,5.185,0.188410193706911,Isochoric Saturation Method,13,C02003-A05004
1099,C02003-A05004,C02003,EMIM or C2MIm,A05004,(C2F5)3PF3 or TPTP,333.15,6.698,0.233689166243958,Isochoric Saturation Method,13,C02003-A05004
1100,C02003-A05004,C02003,EMIM or C2MIm,A05004,(C2F5)3PF3 or TPTP,333.15,8.472,0.280600917276707,Isochoric Saturation Method,13,C02003-A05004
1101,C02003-A05004,C02003,EMIM or C2MIm,A05004,(C2F5)3PF3 or TPTP,333.15,8.736,0.290200179008959,Isochoric Saturation Method,13,C02003-A05004
1102,C02003-A05004,C02003,EMIM or C2MIm,A05004,(C2F5)3PF3 or TPTP,333.15,9.464,0.310294408680504,Isochoric Saturation Method,13,C02003-A05004
1103,C02003-A05004,C02003,EMIM or C2MIm,A05004,(C2F5)3PF3 or TPTP,333.15,11.836,0.36569803623182,Isochoric Saturation Method,13,C02003-A05004
1104,C02003-A05004,C02003,EMIM or C2MIm,A05004,(C2F5)3PF3 or TPTP,333.15,12.994,0.398604656717446,Isochoric Saturation Method,13,C02003-A05004
1105,C02003-A05004,C02003,EMIM or C2MIm,A05004,(C2F5)3PF3 or TPTP,333.15,14.996,0.435109210522743,Isochoric Saturation Method,13,C02003-A05004
1106,C02003-A05004,C02003,EMIM or C2MIm,A05004,(C2F5)3PF3 or TPTP,333.15,15.891,0.454807458815356,Isochoric Saturation Method,13,C02003-A05004
1107,C02003-A05004,C02003,EMIM or C2MIm,A05004,(C2F5)3PF3 or TPTP,333.15,16.742,0.472203922535268,Isochoric Saturation Method,13,C02003-A05004
1108,C02003-A05004,C02003,EMIM or C2MIm,A05004,(C2F5)3PF3 or TPTP,343.15,0.779,0.0255801730728638,Isochoric Saturation Method,13,C02003-A05004
1109,C02003-A05004,C02003,EMIM or C2MIm,A05004,(C2F5)3PF3 or TPTP,343.15,1.383,0.0449890803382938,Isochoric Saturation Method,13,C02003-A05004
1110,C02003-A05004,C02003,EMIM or C2MIm,A05004,(C2F5)3PF3 or TPTP,343.15,2.149,0.0691180152910957,Isochoric Saturation Method,13,C02003-A05004
1111,C02003-A05004,C02003,EMIM or C2MIm,A05004,(C2F5)3PF3 or TPTP,343.15,2.627,0.0838225499507046,Isochoric Saturation Method,13,C02003-A05004
1112,C02003-A05004,C02003,EMIM or C2MIm,A05004,(C2F5)3PF3 or TPTP,343.15,2.82,0.0897133847531667,Isochoric Saturation Method,13,C02003-A05004
1113,C02003-A05004,C02003,EMIM or C2MIm,A05004,(C2F5)3PF3 or TPTP,343.15,3.855,0.121985815498222,Isochoric Saturation Method,13,C02003-A05004
1114,C02003-A05004,C02003,EMIM or C2MIm,A05004,(C2F5)3PF3 or TPTP,343.15,5.137,0.157610241071125,Isochoric Saturation Method,13,C02003-A05004
1115,C02003-A05004,C02003,EMIM or C2MIm,A05004,(C2F5)3PF3 or TPTP,343.15,6.04,0.182506056003312,Isochoric Saturation Method,13,C02003-A05004
1116,C02003-A05004,C02003,EMIM or C2MIm,A05004,(C2F5)3PF3 or TPTP,343.15,7.175,0.215910565906058,Isochoric Saturation Method,13,C02003-A05004
1117,C02003-A05004,C02003,EMIM or C2MIm,A05004,(C2F5)3PF3 or TPTP,343.15,9.384,0.269404972871034,Isochoric Saturation Method,13,C02003-A05004
1118,C02003-A05004,C02003,EMIM or C2MIm,A05004,(C2F5)3PF3 or TPTP,343.15,9.505,0.269909306367217,Isochoric Saturation Method,13,C02003-A05004
1119,C02003-A05004,C02003,EMIM or C2MIm,A05004,(C2F5)3PF3 or TPTP,343.15,10.85,0.299710330080065,Isochoric Saturation Method,13,C02003-A05004
1120,C02003-A05004,C02003,EMIM or C2MIm,A05004,(C2F5)3PF3 or TPTP,343.15,13.286,0.347915454009489,Isochoric Saturation Method,13,C02003-A05004
1121,C02003-A05004,C02003,EMIM or C2MIm,A05004,(C2F5)3PF3 or TPTP,343.15,15.882,0.399307883504481,Isochoric Saturation Method,13,C02003-A05004
1122,C02003-A05004,C02003,EMIM or C2MIm,A05004,(C2F5)3PF3 or TPTP,343.15,18.173,0.446806150689796,Isochoric Saturation Method,13,C02003-A05004
1123,C02003-A05004,C02003,EMIM or C2MIm,A05004,(C2F5)3PF3 or TPTP,353.15,0.781,0.0219758811584585,Isochoric Saturation Method,13,C02003-A05004
1124,C02003-A05004,C02003,EMIM or C2MIm,A05004,(C2F5)3PF3 or TPTP,353.15,1.376,0.0386059287580305,Isochoric Saturation Method,13,C02003-A05004
1125,C02003-A05004,C02003,EMIM or C2MIm,A05004,(C2F5)3PF3 or TPTP,353.15,2.395,0.0663142690224925,Isochoric Saturation Method,13,C02003-A05004
1126,C02003-A05004,C02003,EMIM or C2MIm,A05004,(C2F5)3PF3 or TPTP,353.15,2.587,0.0713776953963501,Isochoric Saturation Method,13,C02003-A05004
1127,C02003-A05004,C02003,EMIM or C2MIm,A05004,(C2F5)3PF3 or TPTP,353.15,2.763,0.076101738190962,Isochoric Saturation Method,13,C02003-A05004
1128,C02003-A05004,C02003,EMIM or C2MIm,A05004,(C2F5)3PF3 or TPTP,353.15,4.63,0.124721356356714,Isochoric Saturation Method,13,C02003-A05004
1129,C02003-A05004,C02003,EMIM or C2MIm,A05004,(C2F5)3PF3 or TPTP,353.15,5.32,0.143321421526104,Isochoric Saturation Method,13,C02003-A05004
1130,C02003-A05004,C02003,EMIM or C2MIm,A05004,(C2F5)3PF3 or TPTP,353.15,6.414,0.169593362890584,Isochoric Saturation Method,13,C02003-A05004
1131,C02003-A05004,C02003,EMIM or C2MIm,A05004,(C2F5)3PF3 or TPTP,353.15,8.073,0.204285836161843,Isochoric Saturation Method,13,C02003-A05004
1132,C02003-A05004,C02003,EMIM or C2MIm,A05004,(C2F5)3PF3 or TPTP,353.15,10.074,0.251988714789645,Isochoric Saturation Method,13,C02003-A05004
1133,C02003-A05004,C02003,EMIM or C2MIm,A05004,(C2F5)3PF3 or TPTP,353.15,11.431,0.280600917276706,Isochoric Saturation Method,13,C02003-A05004
1134,C02003-A05004,C02003,EMIM or C2MIm,A05004,(C2F5)3PF3 or TPTP,353.15,14.042,0.333410068499888,Isochoric Saturation Method,13,C02003-A05004
1135,C02003-A05004,C02003,EMIM or C2MIm,A05004,(C2F5)3PF3 or TPTP,353.15,19.415,0.427610132824579,Isochoric Saturation Method,13,C02003-A05004
1137,C16055-A06003,C16055,MEDAH (CH2OH)2CH3NH,A06003,OAc or CH3COO,303.2,0.097,0.0193,Equilibrium method,15,C16055-A06003
1138,C16055-A06003,C16055,MEDAH (CH2OH)2CH3NH,A06003,OAc or CH3COO,303.2,0.184,0.0345,Equilibrium method,15,C16055-A06003
1139,C16055-A06003,C16055,MEDAH (CH2OH)2CH3NH,A06003,OAc or CH3COO,303.2,0.292,0.0513,Equilibrium method,15,C16055-A06003
1140,C16055-A06003,C16055,MEDAH (CH2OH)2CH3NH,A06003,OAc or CH3COO,303.2,0.382,0.0651,Equilibrium method,15,C16055-A06003
1141,C16055-A06003,C16055,MEDAH (CH2OH)2CH3NH,A06003,OAc or CH3COO,303.2,0.473,0.0789,Equilibrium method,15,C16055-A06003
1142,C16055-A06003,C16055,MEDAH (CH2OH)2CH3NH,A06003,OAc or CH3COO,303.2,0.585,0.0939,Equilibrium method,15,C16055-A06003
1143,C16055-A06003,C16055,MEDAH (CH2OH)2CH3NH,A06003,OAc or CH3COO,303.2,0.713,0.1092,Equilibrium method,15,C16055-A06003
1144,C16055-A06003,C16055,MEDAH (CH2OH)2CH3NH,A06003,OAc or CH3COO,303.2,0.837,0.1238,Equilibrium method,15,C16055-A06003
1145,C16055-A06003,C16055,MEDAH (CH2OH)2CH3NH,A06003,OAc or CH3COO,303.2,0.962,0.1375,Equilibrium method,15,C16055-A06003
1146,C16055-A06003,C16055,MEDAH (CH2OH)2CH3NH,A06003,OAc or CH3COO,303.2,1.076,0.1496,Equilibrium method,15,C16055-A06003
1147,C16055-A06003,C16055,MEDAH (CH2OH)2CH3NH,A06003,OAc or CH3COO,303.2,1.179,0.1618,Equilibrium method,15,C16055-A06003
1148,C16055-A06003,C16055,MEDAH (CH2OH)2CH3NH,A06003,OAc or CH3COO,313.2,0.137,0.0164,Equilibrium method,15,C16055-A06003
1149,C16055-A06003,C16055,MEDAH (CH2OH)2CH3NH,A06003,OAc or CH3COO,313.2,0.505,0.0521,Equilibrium method,15,C16055-A06003
1150,C16055-A06003,C16055,MEDAH (CH2OH)2CH3NH,A06003,OAc or CH3COO,313.2,0.618,0.0625,Equilibrium method,15,C16055-A06003
1151,C16055-A06003,C16055,MEDAH (CH2OH)2CH3NH,A06003,OAc or CH3COO,313.2,0.739,0.0729,Equilibrium method,15,C16055-A06003
1152,C16055-A06003,C16055,MEDAH (CH2OH)2CH3NH,A06003,OAc or CH3COO,313.2,0.858,0.0851,Equilibrium method,15,C16055-A06003
1153,C16055-A06003,C16055,MEDAH (CH2OH)2CH3NH,A06003,OAc or CH3COO,313.2,1.128,0.1067,Equilibrium method,15,C16055-A06003
1154,C16055-A06003,C16055,MEDAH (CH2OH)2CH3NH,A06003,OAc or CH3COO,313.2,1.267,0.1174,Equilibrium method,15,C16055-A06003
1155,C16055-A06003,C16055,MEDAH (CH2OH)2CH3NH,A06003,OAc or CH3COO,313.2,1.396,0.1267,Equilibrium method,15,C16055-A06003
1156,C16055-A06003,C16055,MEDAH (CH2OH)2CH3NH,A06003,OAc or CH3COO,323.2,0.177,0.0164,Equilibrium method,15,C16055-A06003
1157,C16055-A06003,C16055,MEDAH (CH2OH)2CH3NH,A06003,OAc or CH3COO,323.2,0.312,0.0275,Equilibrium method,15,C16055-A06003
1158,C16055-A06003,C16055,MEDAH (CH2OH)2CH3NH,A06003,OAc or CH3COO,323.2,0.452,0.0386,Equilibrium method,15,C16055-A06003
1159,C16055-A06003,C16055,MEDAH (CH2OH)2CH3NH,A06003,OAc or CH3COO,323.2,0.649,0.0532,Equilibrium method,15,C16055-A06003
1160,C16055-A06003,C16055,MEDAH (CH2OH)2CH3NH,A06003,OAc or CH3COO,323.2,0.748,0.0605,Equilibrium method,15,C16055-A06003
1161,C16055-A06003,C16055,MEDAH (CH2OH)2CH3NH,A06003,OAc or CH3COO,323.2,0.87,0.0692,Equilibrium method,15,C16055-A06003
1162,C16055-A06003,C16055,MEDAH (CH2OH)2CH3NH,A06003,OAc or CH3COO,323.2,0.996,0.0776,Equilibrium method,15,C16055-A06003
1163,C16055-A06003,C16055,MEDAH (CH2OH)2CH3NH,A06003,OAc or CH3COO,323.2,1.153,0.0886,Equilibrium method,15,C16055-A06003
1164,C16055-A06003,C16055,MEDAH (CH2OH)2CH3NH,A06003,OAc or CH3COO,333.2,0.129,0.0095,Equilibrium method,15,C16055-A06003
1165,C16055-A06003,C16055,MEDAH (CH2OH)2CH3NH,A06003,OAc or CH3COO,333.2,0.279,0.0192,Equilibrium method,15,C16055-A06003
1166,C16055-A06003,C16055,MEDAH (CH2OH)2CH3NH,A06003,OAc or CH3COO,333.2,0.426,0.0277,Equilibrium method,15,C16055-A06003
1167,C16055-A06003,C16055,MEDAH (CH2OH)2CH3NH,A06003,OAc or CH3COO,333.2,0.645,0.0405,Equilibrium method,15,C16055-A06003
1168,C16055-A06003,C16055,MEDAH (CH2OH)2CH3NH,A06003,OAc or CH3COO,333.2,0.773,0.0477,Equilibrium method,15,C16055-A06003
1169,C16055-A06003,C16055,MEDAH (CH2OH)2CH3NH,A06003,OAc or CH3COO,333.2,0.904,0.0549,Equilibrium method,15,C16055-A06003
1170,C16055-A06003,C16055,MEDAH (CH2OH)2CH3NH,A06003,OAc or CH3COO,333.2,1.034,0.0616,Equilibrium method,15,C16055-A06003
1171,C16055-A06003,C16055,MEDAH (CH2OH)2CH3NH,A06003,OAc or CH3COO,333.2,1.182,0.0696,Equilibrium method,15,C16055-A06003
1172,C16055-A06005,C16055,MEDAH (CH2OH)2CH3NH,A06005,HCO2,303.2,0.101,0.0103,Equilibrium method,15,C16055-A06005
1173,C16055-A06005,C16055,MEDAH (CH2OH)2CH3NH,A06005,HCO2,303.2,0.209,0.0203,Equilibrium method,15,C16055-A06005
1174,C16055-A06005,C16055,MEDAH (CH2OH)2CH3NH,A06005,HCO2,303.2,0.34,0.0302,Equilibrium method,15,C16055-A06005
1175,C16055-A06005,C16055,MEDAH (CH2OH)2CH3NH,A06005,HCO2,303.2,0.458,0.0391,Equilibrium method,15,C16055-A06005
1176,C16055-A06005,C16055,MEDAH (CH2OH)2CH3NH,A06005,HCO2,303.2,0.551,0.0458,Equilibrium method,15,C16055-A06005
1177,C16055-A06005,C16055,MEDAH (CH2OH)2CH3NH,A06005,HCO2,303.2,0.697,0.0559,Equilibrium method,15,C16055-A06005
1178,C16055-A06005,C16055,MEDAH (CH2OH)2CH3NH,A06005,HCO2,303.2,0.837,0.0654,Equilibrium method,15,C16055-A06005
1179,C16055-A06005,C16055,MEDAH (CH2OH)2CH3NH,A06005,HCO2,303.2,0.969,0.0735,Equilibrium method,15,C16055-A06005
1180,C16055-A06005,C16055,MEDAH (CH2OH)2CH3NH,A06005,HCO2,303.2,1.1,0.0807,Equilibrium method,15,C16055-A06005
1181,C16055-A06005,C16055,MEDAH (CH2OH)2CH3NH,A06005,HCO2,313.2,0.079,0.0061,Equilibrium method,15,C16055-A06005
1182,C16055-A06005,C16055,MEDAH (CH2OH)2CH3NH,A06005,HCO2,313.2,0.264,0.0165,Equilibrium method,15,C16055-A06005
1183,C16055-A06005,C16055,MEDAH (CH2OH)2CH3NH,A06005,HCO2,313.2,0.391,0.0235,Equilibrium method,15,C16055-A06005
1184,C16055-A06005,C16055,MEDAH (CH2OH)2CH3NH,A06005,HCO2,313.2,0.514,0.0298,Equilibrium method,15,C16055-A06005
1185,C16055-A06005,C16055,MEDAH (CH2OH)2CH3NH,A06005,HCO2,313.2,0.644,0.0356,Equilibrium method,15,C16055-A06005
1186,C16055-A06005,C16055,MEDAH (CH2OH)2CH3NH,A06005,HCO2,313.2,0.769,0.0439,Equilibrium method,15,C16055-A06005
1187,C16055-A06005,C16055,MEDAH (CH2OH)2CH3NH,A06005,HCO2,313.2,0.91,0.0505,Equilibrium method,15,C16055-A06005
1188,C16055-A06005,C16055,MEDAH (CH2OH)2CH3NH,A06005,HCO2,313.2,1.03,0.0588,Equilibrium method,15,C16055-A06005
1189,C16055-A06005,C16055,MEDAH (CH2OH)2CH3NH,A06005,HCO2,313.2,1.162,0.0657,Equilibrium method,15,C16055-A06005
1190,C16055-A06005,C16055,MEDAH (CH2OH)2CH3NH,A06005,HCO2,323.2,0.145,0.0085,Equilibrium method,15,C16055-A06005
1191,C16055-A06005,C16055,MEDAH (CH2OH)2CH3NH,A06005,HCO2,323.2,0.418,0.0217,Equilibrium method,15,C16055-A06005
1192,C16055-A06005,C16055,MEDAH (CH2OH)2CH3NH,A06005,HCO2,323.2,0.56,0.0281,Equilibrium method,15,C16055-A06005
1193,C16055-A06005,C16055,MEDAH (CH2OH)2CH3NH,A06005,HCO2,323.2,0.706,0.0343,Equilibrium method,15,C16055-A06005
1194,C16055-A06005,C16055,MEDAH (CH2OH)2CH3NH,A06005,HCO2,323.2,0.841,0.0404,Equilibrium method,15,C16055-A06005
1195,C16055-A06005,C16055,MEDAH (CH2OH)2CH3NH,A06005,HCO2,323.2,0.979,0.0461,Equilibrium method,15,C16055-A06005
1196,C16055-A06005,C16055,MEDAH (CH2OH)2CH3NH,A06005,HCO2,323.2,1.113,0.0521,Equilibrium method,15,C16055-A06005
1197,C16055-A06005,C16055,MEDAH (CH2OH)2CH3NH,A06005,HCO2,323.2,1.242,0.0589,Equilibrium method,15,C16055-A06005
1198,C16055-A06005,C16055,MEDAH (CH2OH)2CH3NH,A06005,HCO2,333.2,0.141,0.0061,Equilibrium method,15,C16055-A06005
1199,C16055-A06005,C16055,MEDAH (CH2OH)2CH3NH,A06005,HCO2,333.2,0.331,0.0139,Equilibrium method,15,C16055-A06005
1200,C16055-A06005,C16055,MEDAH (CH2OH)2CH3NH,A06005,HCO2,333.2,0.539,0.0216,Equilibrium method,15,C16055-A06005
1201,C16055-A06005,C16055,MEDAH (CH2OH)2CH3NH,A06005,HCO2,333.2,0.683,0.0263,Equilibrium method,15,C16055-A06005
1202,C16055-A06005,C16055,MEDAH (CH2OH)2CH3NH,A06005,HCO2,333.2,0.824,0.0321,Equilibrium method,15,C16055-A06005
1203,C16055-A06005,C16055,MEDAH (CH2OH)2CH3NH,A06005,HCO2,333.2,0.967,0.0373,Equilibrium method,15,C16055-A06005
1204,C16055-A06005,C16055,MEDAH (CH2OH)2CH3NH,A06005,HCO2,333.2,1.129,0.0427,Equilibrium method,15,C16055-A06005
1205,C16056-A06003,C16056,"DMEAH (N11H,CH2OH)",A06003,OAc or CH3COO,303.2,0.045,0.0158,Equilibrium method,15,C16056-A06003
1206,C16056-A06003,C16056,"DMEAH (N11H,CH2OH)",A06003,OAc or CH3COO,303.2,0.089,0.028,Equilibrium method,15,C16056-A06003
1207,C16056-A06003,C16056,"DMEAH (N11H,CH2OH)",A06003,OAc or CH3COO,303.2,0.139,0.0407,Equilibrium method,15,C16056-A06003
1208,C16056-A06003,C16056,"DMEAH (N11H,CH2OH)",A06003,OAc or CH3COO,303.2,0.19,0.0538,Equilibrium method,15,C16056-A06003
1209,C16056-A06003,C16056,"DMEAH (N11H,CH2OH)",A06003,OAc or CH3COO,303.2,0.238,0.0648,Equilibrium method,15,C16056-A06003
1210,C16056-A06003,C16056,"DMEAH (N11H,CH2OH)",A06003,OAc or CH3COO,303.2,0.29,0.076,Equilibrium method,15,C16056-A06003
1211,C16056-A06003,C16056,"DMEAH (N11H,CH2OH)",A06003,OAc or CH3COO,303.2,0.341,0.0866,Equilibrium method,15,C16056-A06003
1212,C16056-A06003,C16056,"DMEAH (N11H,CH2OH)",A06003,OAc or CH3COO,303.2,0.393,0.0976,Equilibrium method,15,C16056-A06003
1213,C16056-A06003,C16056,"DMEAH (N11H,CH2OH)",A06003,OAc or CH3COO,303.2,0.464,0.1114,Equilibrium method,15,C16056-A06003
1214,C16056-A06003,C16056,"DMEAH (N11H,CH2OH)",A06003,OAc or CH3COO,303.2,0.546,0.1261,Equilibrium method,15,C16056-A06003
1215,C16056-A06003,C16056,"DMEAH (N11H,CH2OH)",A06003,OAc or CH3COO,303.2,0.621,0.1389,Equilibrium method,15,C16056-A06003
1216,C16056-A06003,C16056,"DMEAH (N11H,CH2OH)",A06003,OAc or CH3COO,303.2,0.717,0.1555,Equilibrium method,15,C16056-A06003
1217,C16056-A06003,C16056,"DMEAH (N11H,CH2OH)",A06003,OAc or CH3COO,303.2,0.772,0.164,Equilibrium method,15,C16056-A06003
1218,C16056-A06003,C16056,"DMEAH (N11H,CH2OH)",A06003,OAc or CH3COO,303.2,0.827,0.1719,Equilibrium method,15,C16056-A06003
1219,C16056-A06003,C16056,"DMEAH (N11H,CH2OH)",A06003,OAc or CH3COO,303.2,0.915,0.1832,Equilibrium method,15,C16056-A06003
1220,C16056-A06003,C16056,"DMEAH (N11H,CH2OH)",A06003,OAc or CH3COO,303.2,1.002,0.1945,Equilibrium method,15,C16056-A06003
1221,C16056-A06003,C16056,"DMEAH (N11H,CH2OH)",A06003,OAc or CH3COO,303.2,1.108,0.2085,Equilibrium method,15,C16056-A06003
1222,C16056-A06003,C16056,"DMEAH (N11H,CH2OH)",A06003,OAc or CH3COO,313.2,0.031,0.0108,Equilibrium method,15,C16056-A06003
1223,C16056-A06003,C16056,"DMEAH (N11H,CH2OH)",A06003,OAc or CH3COO,313.2,0.088,0.0205,Equilibrium method,15,C16056-A06003
1224,C16056-A06003,C16056,"DMEAH (N11H,CH2OH)",A06003,OAc or CH3COO,313.2,0.176,0.0346,Equilibrium method,15,C16056-A06003
1225,C16056-A06003,C16056,"DMEAH (N11H,CH2OH)",A06003,OAc or CH3COO,313.2,0.249,0.0455,Equilibrium method,15,C16056-A06003
1226,C16056-A06003,C16056,"DMEAH (N11H,CH2OH)",A06003,OAc or CH3COO,313.2,0.319,0.0552,Equilibrium method,15,C16056-A06003
1227,C16056-A06003,C16056,"DMEAH (N11H,CH2OH)",A06003,OAc or CH3COO,313.2,0.382,0.064,Equilibrium method,15,C16056-A06003
1228,C16056-A06003,C16056,"DMEAH (N11H,CH2OH)",A06003,OAc or CH3COO,313.2,0.445,0.0728,Equilibrium method,15,C16056-A06003
1229,C16056-A06003,C16056,"DMEAH (N11H,CH2OH)",A06003,OAc or CH3COO,313.2,0.516,0.0818,Equilibrium method,15,C16056-A06003
1230,C16056-A06003,C16056,"DMEAH (N11H,CH2OH)",A06003,OAc or CH3COO,313.2,0.586,0.0906,Equilibrium method,15,C16056-A06003
1231,C16056-A06003,C16056,"DMEAH (N11H,CH2OH)",A06003,OAc or CH3COO,313.2,0.669,0.1008,Equilibrium method,15,C16056-A06003
1232,C16056-A06003,C16056,"DMEAH (N11H,CH2OH)",A06003,OAc or CH3COO,313.2,0.751,0.1106,Equilibrium method,15,C16056-A06003
1233,C16056-A06003,C16056,"DMEAH (N11H,CH2OH)",A06003,OAc or CH3COO,313.2,0.823,0.1198,Equilibrium method,15,C16056-A06003
1234,C16056-A06003,C16056,"DMEAH (N11H,CH2OH)",A06003,OAc or CH3COO,313.2,0.895,0.1278,Equilibrium method,15,C16056-A06003
1235,C16056-A06003,C16056,"DMEAH (N11H,CH2OH)",A06003,OAc or CH3COO,313.2,0.968,0.1355,Equilibrium method,15,C16056-A06003
1236,C16056-A06003,C16056,"DMEAH (N11H,CH2OH)",A06003,OAc or CH3COO,313.2,1.041,0.1431,Equilibrium method,15,C16056-A06003
1237,C16056-A06003,C16056,"DMEAH (N11H,CH2OH)",A06003,OAc or CH3COO,313.2,1.111,0.1502,Equilibrium method,15,C16056-A06003
1238,C16056-A06003,C16056,"DMEAH (N11H,CH2OH)",A06003,OAc or CH3COO,323.2,0.066,0.0104,Equilibrium method,15,C16056-A06003
1239,C16056-A06003,C16056,"DMEAH (N11H,CH2OH)",A06003,OAc or CH3COO,323.2,0.189,0.0233,Equilibrium method,15,C16056-A06003
1240,C16056-A06003,C16056,"DMEAH (N11H,CH2OH)",A06003,OAc or CH3COO,323.2,0.289,0.0332,Equilibrium method,15,C16056-A06003
1241,C16056-A06003,C16056,"DMEAH (N11H,CH2OH)",A06003,OAc or CH3COO,323.2,0.377,0.0415,Equilibrium method,15,C16056-A06003
1242,C16056-A06003,C16056,"DMEAH (N11H,CH2OH)",A06003,OAc or CH3COO,323.2,0.472,0.0505,Equilibrium method,15,C16056-A06003
1243,C16056-A06003,C16056,"DMEAH (N11H,CH2OH)",A06003,OAc or CH3COO,323.2,0.584,0.0607,Equilibrium method,15,C16056-A06003
1244,C16056-A06003,C16056,"DMEAH (N11H,CH2OH)",A06003,OAc or CH3COO,323.2,0.674,0.0688,Equilibrium method,15,C16056-A06003
1245,C16056-A06003,C16056,"DMEAH (N11H,CH2OH)",A06003,OAc or CH3COO,323.2,0.789,0.0785,Equilibrium method,15,C16056-A06003
1246,C16056-A06003,C16056,"DMEAH (N11H,CH2OH)",A06003,OAc or CH3COO,323.2,0.916,0.0893,Equilibrium method,15,C16056-A06003
1247,C16056-A06003,C16056,"DMEAH (N11H,CH2OH)",A06003,OAc or CH3COO,323.2,1.031,0.0984,Equilibrium method,15,C16056-A06003
1248,C16056-A06003,C16056,"DMEAH (N11H,CH2OH)",A06003,OAc or CH3COO,333.2,0.08,0.0106,Equilibrium method,15,C16056-A06003
1249,C16056-A06003,C16056,"DMEAH (N11H,CH2OH)",A06003,OAc or CH3COO,333.2,0.181,0.018,Equilibrium method,15,C16056-A06003
1250,C16056-A06003,C16056,"DMEAH (N11H,CH2OH)",A06003,OAc or CH3COO,333.2,0.278,0.0249,Equilibrium method,15,C16056-A06003
1251,C16056-A06003,C16056,"DMEAH (N11H,CH2OH)",A06003,OAc or CH3COO,333.2,0.417,0.0348,Equilibrium method,15,C16056-A06003
1252,C16056-A06003,C16056,"DMEAH (N11H,CH2OH)",A06003,OAc or CH3COO,333.2,0.525,0.0424,Equilibrium method,15,C16056-A06003
1253,C16056-A06003,C16056,"DMEAH (N11H,CH2OH)",A06003,OAc or CH3COO,333.2,0.629,0.0498,Equilibrium method,15,C16056-A06003
1254,C16056-A06003,C16056,"DMEAH (N11H,CH2OH)",A06003,OAc or CH3COO,333.2,0.728,0.0566,Equilibrium method,15,C16056-A06003
1255,C16056-A06003,C16056,"DMEAH (N11H,CH2OH)",A06003,OAc or CH3COO,333.2,0.841,0.0642,Equilibrium method,15,C16056-A06003
1256,C16056-A06003,C16056,"DMEAH (N11H,CH2OH)",A06003,OAc or CH3COO,333.2,0.942,0.0707,Equilibrium method,15,C16056-A06003
1257,C16056-A06003,C16056,"DMEAH (N11H,CH2OH)",A06003,OAc or CH3COO,333.2,1.052,0.0773,Equilibrium method,15,C16056-A06003
1258,C16056-A06005,C16056,"DMEAH (N11H,CH2OH)",A06005,HCO2,303.2,0.062,0.0116,Equilibrium method,15,C16056-A06005
1259,C16056-A06005,C16056,"DMEAH (N11H,CH2OH)",A06005,HCO2,303.2,0.124,0.0225,Equilibrium method,15,C16056-A06005
1260,C16056-A06005,C16056,"DMEAH (N11H,CH2OH)",A06005,HCO2,303.2,0.252,0.0423,Equilibrium method,15,C16056-A06005
1261,C16056-A06005,C16056,"DMEAH (N11H,CH2OH)",A06005,HCO2,303.2,0.333,0.0525,Equilibrium method,15,C16056-A06005
1262,C16056-A06005,C16056,"DMEAH (N11H,CH2OH)",A06005,HCO2,303.2,0.409,0.0611,Equilibrium method,15,C16056-A06005
1263,C16056-A06005,C16056,"DMEAH (N11H,CH2OH)",A06005,HCO2,303.2,0.495,0.0704,Equilibrium method,15,C16056-A06005
1264,C16056-A06005,C16056,"DMEAH (N11H,CH2OH)",A06005,HCO2,303.2,0.577,0.0791,Equilibrium method,15,C16056-A06005
1265,C16056-A06005,C16056,"DMEAH (N11H,CH2OH)",A06005,HCO2,303.2,0.678,0.0889,Equilibrium method,15,C16056-A06005
1266,C16056-A06005,C16056,"DMEAH (N11H,CH2OH)",A06005,HCO2,303.2,0.77,0.0969,Equilibrium method,15,C16056-A06005
1267,C16056-A06005,C16056,"DMEAH (N11H,CH2OH)",A06005,HCO2,303.2,0.864,0.1053,Equilibrium method,15,C16056-A06005
1268,C16056-A06005,C16056,"DMEAH (N11H,CH2OH)",A06005,HCO2,303.2,1.03,0.1189,Equilibrium method,15,C16056-A06005
1269,C16056-A06005,C16056,"DMEAH (N11H,CH2OH)",A06005,HCO2,313.2,0.078,0.011,Equilibrium method,15,C16056-A06005
1270,C16056-A06005,C16056,"DMEAH (N11H,CH2OH)",A06005,HCO2,313.2,0.177,0.022,Equilibrium method,15,C16056-A06005
1271,C16056-A06005,C16056,"DMEAH (N11H,CH2OH)",A06005,HCO2,313.2,0.276,0.0318,Equilibrium method,15,C16056-A06005
1272,C16056-A06005,C16056,"DMEAH (N11H,CH2OH)",A06005,HCO2,313.2,0.415,0.0445,Equilibrium method,15,C16056-A06005
1273,C16056-A06005,C16056,"DMEAH (N11H,CH2OH)",A06005,HCO2,313.2,0.528,0.0538,Equilibrium method,15,C16056-A06005
1274,C16056-A06005,C16056,"DMEAH (N11H,CH2OH)",A06005,HCO2,313.2,0.637,0.0628,Equilibrium method,15,C16056-A06005
1275,C16056-A06005,C16056,"DMEAH (N11H,CH2OH)",A06005,HCO2,313.2,0.754,0.0721,Equilibrium method,15,C16056-A06005
1276,C16056-A06005,C16056,"DMEAH (N11H,CH2OH)",A06005,HCO2,313.2,0.874,0.0807,Equilibrium method,15,C16056-A06005
1277,C16056-A06005,C16056,"DMEAH (N11H,CH2OH)",A06005,HCO2,313.2,0.993,0.089,Equilibrium method,15,C16056-A06005
1278,C16056-A06005,C16056,"DMEAH (N11H,CH2OH)",A06005,HCO2,313.2,1.129,0.0981,Equilibrium method,15,C16056-A06005
1279,C16056-A06005,C16056,"DMEAH (N11H,CH2OH)",A06005,HCO2,323.2,0.058,0.0093,Equilibrium method,15,C16056-A06005
1280,C16056-A06005,C16056,"DMEAH (N11H,CH2OH)",A06005,HCO2,323.2,0.162,0.0172,Equilibrium method,15,C16056-A06005
1281,C16056-A06005,C16056,"DMEAH (N11H,CH2OH)",A06005,HCO2,323.2,0.259,0.0242,Equilibrium method,15,C16056-A06005
1282,C16056-A06005,C16056,"DMEAH (N11H,CH2OH)",A06005,HCO2,323.2,0.354,0.0308,Equilibrium method,15,C16056-A06005
1283,C16056-A06005,C16056,"DMEAH (N11H,CH2OH)",A06005,HCO2,323.2,0.502,0.0405,Equilibrium method,15,C16056-A06005
1284,C16056-A06005,C16056,"DMEAH (N11H,CH2OH)",A06005,HCO2,323.2,0.602,0.0467,Equilibrium method,15,C16056-A06005
1285,C16056-A06005,C16056,"DMEAH (N11H,CH2OH)",A06005,HCO2,323.2,0.719,0.0536,Equilibrium method,15,C16056-A06005
1286,C16056-A06005,C16056,"DMEAH (N11H,CH2OH)",A06005,HCO2,323.2,0.817,0.0595,Equilibrium method,15,C16056-A06005
1287,C16056-A06005,C16056,"DMEAH (N11H,CH2OH)",A06005,HCO2,323.2,0.934,0.0657,Equilibrium method,15,C16056-A06005
1288,C16056-A06005,C16056,"DMEAH (N11H,CH2OH)",A06005,HCO2,323.2,1.045,0.0717,Equilibrium method,15,C16056-A06005
1289,C16056-A06005,C16056,"DMEAH (N11H,CH2OH)",A06005,HCO2,323.2,1.153,0.0776,Equilibrium method,15,C16056-A06005
1290,C16056-A06005,C16056,"DMEAH (N11H,CH2OH)",A06005,HCO2,333.2,0.089,0.0065,Equilibrium method,15,C16056-A06005
1291,C16056-A06005,C16056,"DMEAH (N11H,CH2OH)",A06005,HCO2,333.2,0.201,0.0128,Equilibrium method,15,C16056-A06005
1292,C16056-A06005,C16056,"DMEAH (N11H,CH2OH)",A06005,HCO2,333.2,0.34,0.0198,Equilibrium method,15,C16056-A06005
1293,C16056-A06005,C16056,"DMEAH (N11H,CH2OH)",A06005,HCO2,333.2,0.453,0.0253,Equilibrium method,15,C16056-A06005
1294,C16056-A06005,C16056,"DMEAH (N11H,CH2OH)",A06005,HCO2,333.2,0.567,0.0307,Equilibrium method,15,C16056-A06005
1295,C16056-A06005,C16056,"DMEAH (N11H,CH2OH)",A06005,HCO2,333.2,0.681,0.0358,Equilibrium method,15,C16056-A06005
1296,C16056-A06005,C16056,"DMEAH (N11H,CH2OH)",A06005,HCO2,333.2,0.799,0.0407,Equilibrium method,15,C16056-A06005
1297,C16056-A06005,C16056,"DMEAH (N11H,CH2OH)",A06005,HCO2,333.2,0.922,0.0464,Equilibrium method,15,C16056-A06005
1298,C16056-A06005,C16056,"DMEAH (N11H,CH2OH)",A06005,HCO2,333.2,1.042,0.052,Equilibrium method,15,C16056-A06005
